Code Domaine,Domaine,Code zone (M49),Zone,Code Élément,Élément,Code Produit (CPC),Produit,Code année,Année,Unité,Valeur,Symbole,Description du Symbole
"EK","Tendances dans l’élevage","004","Afghanistan","7213","Densité des animaux dans la superficie agricole","02151","Poulets","2017","2017","UGB/ha","0","E","Valeur estimée"
"EK","Tendances dans l’élevage","004","Afghanistan","7211","Part du total des animaux","02151","Poulets","2017","2017","% du total des UGB","2.04","E","Valeur estimée"
"EK","Tendances dans l’élevage","004","Afghanistan","5118","Réserves","02151","Poulets","2017","2017","Unités de gros bétail (UGB)","135730","E","Valeur estimée"
"EK","Tendances dans l’élevage","710","Afrique du Sud","7213","Densité des animaux dans la superficie agricole","02151","Poulets","2017","2017","UGB/ha","0.02","E","Valeur estimée"
"EK","Tendances dans l’élevage","710","Afrique du Sud","7211","Part du total des animaux","02151","Poulets","2017","2017","% du total des UGB","12.53","E","Valeur estimée"
"EK","Tendances dans l’élevage","710","Afrique du Sud","5118","Réserves","02151","Poulets","2017","2017","Unités de gros bétail (UGB)","1786340","E","Valeur estimée"
"EK","Tendances dans l’élevage","008","Albanie","7213","Densité des animaux dans la superficie agricole","02151","Poulets","2017","2017","UGB/ha","0.07","E","Valeur estimée"
"EK","Tendances dans l’élevage","008","Albanie","7211","Part du total des animaux","02151","Poulets","2017","2017","% du total des UGB","10.54","E","Valeur estimée"
"EK","Tendances dans l’élevage","008","Albanie","5118","Réserves","02151","Poulets","2017","2017","Unités de gros bétail (UGB)","78350","E","Valeur estimée"
"EK","Tendances dans l’élevage","012","Algérie","7213","Densité des animaux dans la superficie agricole","02151","Poulets","2017","2017","UGB/ha","0.03","E","Valeur estimée"
"EK","Tendances dans l’élevage","012","Algérie","7211","Part du total des animaux","02151","Poulets","2017","2017","% du total des UGB","21.35","E","Valeur estimée"
"EK","Tendances dans l’élevage","012","Algérie","5118","Réserves","02151","Poulets","2017","2017","Unités de gros bétail (UGB)","1365950","E","Valeur estimée"
"EK","Tendances dans l’élevage","276","Allemagne","7213","Densité des animaux dans la superficie agricole","02151","Poulets","2017","2017","UGB/ha","0.1","E","Valeur estimée"
"EK","Tendances dans l’élevage","276","Allemagne","7211","Part du total des animaux","02151","Poulets","2017","2017","% du total des UGB","7.99","E","Valeur estimée"
"EK","Tendances dans l’élevage","276","Allemagne","5118","Réserves","02151","Poulets","2017","2017","Unités de gros bétail (UGB)","1600000","E","Valeur estimée"
"EK","Tendances dans l’élevage","024","Angola","7213","Densité des animaux dans la superficie agricole","02151","Poulets","2017","2017","UGB/ha","0.01","E","Valeur estimée"
"EK","Tendances dans l’élevage","024","Angola","7211","Part du total des animaux","02151","Poulets","2017","2017","% du total des UGB","8.96","E","Valeur estimée"
"EK","Tendances dans l’élevage","024","Angola","5118","Réserves","02151","Poulets","2017","2017","Unités de gros bétail (UGB)","365000","E","Valeur estimée"
"EK","Tendances dans l’élevage","028","Antigua-et-Barbuda","7213","Densité des animaux dans la superficie agricole","02151","Poulets","2017","2017","UGB/ha","0.18","E","Valeur estimée"
"EK","Tendances dans l’élevage","028","Antigua-et-Barbuda","7211","Part du total des animaux","02151","Poulets","2017","2017","% du total des UGB","14.63","E","Valeur estimée"
"EK","Tendances dans l’élevage","028","Antigua-et-Barbuda","5118","Réserves","02151","Poulets","2017","2017","Unités de gros bétail (UGB)","1590","E","Valeur estimée"
"EK","Tendances dans l’élevage","682","Arabie saoudite","7213","Densité des animaux dans la superficie agricole","02151","Poulets","2017","2017","UGB/ha","0.01","E","Valeur estimée"
"EK","Tendances dans l’élevage","682","Arabie saoudite","7211","Part du total des animaux","02151","Poulets","2017","2017","% du total des UGB","49.63","E","Valeur estimée"
"EK","Tendances dans l’élevage","682","Arabie saoudite","5118","Réserves","02151","Poulets","2017","2017","Unités de gros bétail (UGB)","1951190","E","Valeur estimée"
"EK","Tendances dans l’élevage","032","Argentine","7213","Densité des animaux dans la superficie agricole","02151","Poulets","2017","2017","UGB/ha","0.01","E","Valeur estimée"
"EK","Tendances dans l’élevage","032","Argentine","7211","Part du total des animaux","02151","Poulets","2017","2017","% du total des UGB","2.66","E","Valeur estimée"
"EK","Tendances dans l’élevage","032","Argentine","5118","Réserves","02151","Poulets","2017","2017","Unités de gros bétail (UGB)","1183000","E","Valeur estimée"
"EK","Tendances dans l’élevage","051","Arménie","7213","Densité des animaux dans la superficie agricole","02151","Poulets","2017","2017","UGB/ha","0.02","E","Valeur estimée"
"EK","Tendances dans l’élevage","051","Arménie","7211","Part du total des animaux","02151","Poulets","2017","2017","% du total des UGB","6.85","E","Valeur estimée"
"EK","Tendances dans l’élevage","051","Arménie","5118","Réserves","02151","Poulets","2017","2017","Unités de gros bétail (UGB)","38140","E","Valeur estimée"
"EK","Tendances dans l’élevage","036","Australie","7213","Densité des animaux dans la superficie agricole","02151","Poulets","2017","2017","UGB/ha","0","E","Valeur estimée"
"EK","Tendances dans l’élevage","036","Australie","7211","Part du total des animaux","02151","Poulets","2017","2017","% du total des UGB","2.89","E","Valeur estimée"
"EK","Tendances dans l’élevage","036","Australie","5118","Réserves","02151","Poulets","2017","2017","Unités de gros bétail (UGB)","950120","E","Valeur estimée"
"EK","Tendances dans l’élevage","040","Autriche","7213","Densité des animaux dans la superficie agricole","02151","Poulets","2017","2017","UGB/ha","0.06","E","Valeur estimée"
"EK","Tendances dans l’élevage","040","Autriche","7211","Part du total des animaux","02151","Poulets","2017","2017","% du total des UGB","6.13","E","Valeur estimée"
"EK","Tendances dans l’élevage","040","Autriche","5118","Réserves","02151","Poulets","2017","2017","Unités de gros bétail (UGB)","167360","E","Valeur estimée"
"EK","Tendances dans l’élevage","031","Azerbaïdjan","7213","Densité des animaux dans la superficie agricole","02151","Poulets","2017","2017","UGB/ha","0.06","E","Valeur estimée"
"EK","Tendances dans l’élevage","031","Azerbaïdjan","7211","Part du total des animaux","02151","Poulets","2017","2017","% du total des UGB","10.75","E","Valeur estimée"
"EK","Tendances dans l’élevage","031","Azerbaïdjan","5118","Réserves","02151","Poulets","2017","2017","Unités de gros bétail (UGB)","304730","E","Valeur estimée"
"EK","Tendances dans l’élevage","044","Bahamas","7213","Densité des animaux dans la superficie agricole","02151","Poulets","2017","2017","UGB/ha","2.22","E","Valeur estimée"
"EK","Tendances dans l’élevage","044","Bahamas","7211","Part du total des animaux","02151","Poulets","2017","2017","% du total des UGB","89.58","E","Valeur estimée"
"EK","Tendances dans l’élevage","044","Bahamas","5118","Réserves","02151","Poulets","2017","2017","Unités de gros bétail (UGB)","31070","E","Valeur estimée"
"EK","Tendances dans l’élevage","048","Bahreïn","7213","Densité des animaux dans la superficie agricole","02151","Poulets","2017","2017","UGB/ha","10.62","E","Valeur estimée"
"EK","Tendances dans l’élevage","048","Bahreïn","7211","Part du total des animaux","02151","Poulets","2017","2017","% du total des UGB","86.63","E","Valeur estimée"
"EK","Tendances dans l’élevage","048","Bahreïn","5118","Réserves","02151","Poulets","2017","2017","Unités de gros bétail (UGB)","91340","E","Valeur estimée"
"EK","Tendances dans l’élevage","050","Bangladesh","7213","Densité des animaux dans la superficie agricole","02151","Poulets","2017","2017","UGB/ha","0.29","E","Valeur estimée"
"EK","Tendances dans l’élevage","050","Bangladesh","7211","Part du total des animaux","02151","Poulets","2017","2017","% du total des UGB","12.9","E","Valeur estimée"
"EK","Tendances dans l’élevage","050","Bangladesh","5118","Réserves","02151","Poulets","2017","2017","Unités de gros bétail (UGB)","2751830","E","Valeur estimée"
"EK","Tendances dans l’élevage","052","Barbade","7213","Densité des animaux dans la superficie agricole","02151","Poulets","2017","2017","UGB/ha","4.87","E","Valeur estimée"
"EK","Tendances dans l’élevage","052","Barbade","7211","Part du total des animaux","02151","Poulets","2017","2017","% du total des UGB","74.97","E","Valeur estimée"
"EK","Tendances dans l’élevage","052","Barbade","5118","Réserves","02151","Poulets","2017","2017","Unités de gros bétail (UGB)","48710","E","Valeur estimée"
"EK","Tendances dans l’élevage","112","Bélarus","7213","Densité des animaux dans la superficie agricole","02151","Poulets","2017","2017","UGB/ha","0.05","E","Valeur estimée"
"EK","Tendances dans l’élevage","112","Bélarus","7211","Part du total des animaux","02151","Poulets","2017","2017","% du total des UGB","11.74","E","Valeur estimée"
"EK","Tendances dans l’élevage","112","Bélarus","5118","Réserves","02151","Poulets","2017","2017","Unités de gros bétail (UGB)","460000","E","Valeur estimée"
"EK","Tendances dans l’élevage","056","Belgique","7213","Densité des animaux dans la superficie agricole","02151","Poulets","2017","2017","UGB/ha","0.2","E","Valeur estimée"
"EK","Tendances dans l’élevage","056","Belgique","7211","Part du total des animaux","02151","Poulets","2017","2017","% du total des UGB","6.77","E","Valeur estimée"
"EK","Tendances dans l’élevage","056","Belgique","5118","Réserves","02151","Poulets","2017","2017","Unités de gros bétail (UGB)","269050","E","Valeur estimée"
"EK","Tendances dans l’élevage","084","Belize","7213","Densité des animaux dans la superficie agricole","02151","Poulets","2017","2017","UGB/ha","0.1","E","Valeur estimée"
"EK","Tendances dans l’élevage","084","Belize","7211","Part du total des animaux","02151","Poulets","2017","2017","% du total des UGB","16.11","E","Valeur estimée"
"EK","Tendances dans l’élevage","084","Belize","5118","Réserves","02151","Poulets","2017","2017","Unités de gros bétail (UGB)","16380","E","Valeur estimée"
"EK","Tendances dans l’élevage","204","Bénin","7213","Densité des animaux dans la superficie agricole","02151","Poulets","2017","2017","UGB/ha","0.05","E","Valeur estimée"
"EK","Tendances dans l’élevage","204","Bénin","7211","Part du total des animaux","02151","Poulets","2017","2017","% du total des UGB","11.56","E","Valeur estimée"
"EK","Tendances dans l’élevage","204","Bénin","5118","Réserves","02151","Poulets","2017","2017","Unités de gros bétail (UGB)","206430","E","Valeur estimée"
"EK","Tendances dans l’élevage","064","Bhoutan","7213","Densité des animaux dans la superficie agricole","02151","Poulets","2017","2017","UGB/ha","0.02","E","Valeur estimée"
"EK","Tendances dans l’élevage","064","Bhoutan","7211","Part du total des animaux","02151","Poulets","2017","2017","% du total des UGB","5.56","E","Valeur estimée"
"EK","Tendances dans l’élevage","064","Bhoutan","5118","Réserves","02151","Poulets","2017","2017","Unités de gros bétail (UGB)","10680","E","Valeur estimée"
"EK","Tendances dans l’élevage","068","Bolivie (État plurinational de)","7213","Densité des animaux dans la superficie agricole","02151","Poulets","2017","2017","UGB/ha","0.06","E","Valeur estimée"
"EK","Tendances dans l’élevage","068","Bolivie (État plurinational de)","7211","Part du total des animaux","02151","Poulets","2017","2017","% du total des UGB","19.83","E","Valeur estimée"
"EK","Tendances dans l’élevage","068","Bolivie (État plurinational de)","5118","Réserves","02151","Poulets","2017","2017","Unités de gros bétail (UGB)","2203040","E","Valeur estimée"
"EK","Tendances dans l’élevage","070","Bosnie-Herzégovine","7213","Densité des animaux dans la superficie agricole","02151","Poulets","2017","2017","UGB/ha","0.07","E","Valeur estimée"
"EK","Tendances dans l’élevage","070","Bosnie-Herzégovine","7211","Part du total des animaux","02151","Poulets","2017","2017","% du total des UGB","23.75","E","Valeur estimée"
"EK","Tendances dans l’élevage","070","Bosnie-Herzégovine","5118","Réserves","02151","Poulets","2017","2017","Unités de gros bétail (UGB)","162820","E","Valeur estimée"
"EK","Tendances dans l’élevage","072","Botswana","7213","Densité des animaux dans la superficie agricole","02151","Poulets","2017","2017","UGB/ha","0","E","Valeur estimée"
"EK","Tendances dans l’élevage","072","Botswana","7211","Part du total des animaux","02151","Poulets","2017","2017","% du total des UGB","0.94","E","Valeur estimée"
"EK","Tendances dans l’élevage","072","Botswana","5118","Réserves","02151","Poulets","2017","2017","Unités de gros bétail (UGB)","7100","E","Valeur estimée"
"EK","Tendances dans l’élevage","076","Brésil","7213","Densité des animaux dans la superficie agricole","02151","Poulets","2017","2017","UGB/ha","0.06","E","Valeur estimée"
"EK","Tendances dans l’élevage","076","Brésil","7211","Part du total des animaux","02151","Poulets","2017","2017","% du total des UGB","7.81","E","Valeur estimée"
"EK","Tendances dans l’élevage","076","Brésil","5118","Réserves","02151","Poulets","2017","2017","Unités de gros bétail (UGB)","14266590","E","Valeur estimée"
"EK","Tendances dans l’élevage","096","Brunéi Darussalam","7213","Densité des animaux dans la superficie agricole","02151","Poulets","2017","2017","UGB/ha","12.72","E","Valeur estimée"
"EK","Tendances dans l’élevage","096","Brunéi Darussalam","7211","Part du total des animaux","02151","Poulets","2017","2017","% du total des UGB","97.82","E","Valeur estimée"
"EK","Tendances dans l’élevage","096","Brunéi Darussalam","5118","Réserves","02151","Poulets","2017","2017","Unités de gros bétail (UGB)","170510","E","Valeur estimée"
"EK","Tendances dans l’élevage","100","Bulgarie","7213","Densité des animaux dans la superficie agricole","02151","Poulets","2017","2017","UGB/ha","0.04","E","Valeur estimée"
"EK","Tendances dans l’élevage","100","Bulgarie","7211","Part du total des animaux","02151","Poulets","2017","2017","% du total des UGB","20.34","E","Valeur estimée"
"EK","Tendances dans l’élevage","100","Bulgarie","5118","Réserves","02151","Poulets","2017","2017","Unités de gros bétail (UGB)","177380","E","Valeur estimée"
"EK","Tendances dans l’élevage","854","Burkina Faso","7213","Densité des animaux dans la superficie agricole","02151","Poulets","2017","2017","UGB/ha","0.03","E","Valeur estimée"
"EK","Tendances dans l’élevage","854","Burkina Faso","7211","Part du total des animaux","02151","Poulets","2017","2017","% du total des UGB","4.28","E","Valeur estimée"
"EK","Tendances dans l’élevage","854","Burkina Faso","5118","Réserves","02151","Poulets","2017","2017","Unités de gros bétail (UGB)","368820","E","Valeur estimée"
"EK","Tendances dans l’élevage","108","Burundi","7213","Densité des animaux dans la superficie agricole","02151","Poulets","2017","2017","UGB/ha","0.01","E","Valeur estimée"
"EK","Tendances dans l’élevage","108","Burundi","7211","Part du total des animaux","02151","Poulets","2017","2017","% du total des UGB","2.09","E","Valeur estimée"
"EK","Tendances dans l’élevage","108","Burundi","5118","Réserves","02151","Poulets","2017","2017","Unités de gros bétail (UGB)","23000","E","Valeur estimée"
"EK","Tendances dans l’élevage","132","Cabo Verde","7213","Densité des animaux dans la superficie agricole","02151","Poulets","2017","2017","UGB/ha","0.13","E","Valeur estimée"
"EK","Tendances dans l’élevage","132","Cabo Verde","7211","Part du total des animaux","02151","Poulets","2017","2017","% du total des UGB","17.73","E","Valeur estimée"
"EK","Tendances dans l’élevage","132","Cabo Verde","5118","Réserves","02151","Poulets","2017","2017","Unités de gros bétail (UGB)","10000","E","Valeur estimée"
"EK","Tendances dans l’élevage","116","Cambodge","7213","Densité des animaux dans la superficie agricole","02151","Poulets","2017","2017","UGB/ha","0.02","E","Valeur estimée"
"EK","Tendances dans l’élevage","116","Cambodge","7211","Part du total des animaux","02151","Poulets","2017","2017","% du total des UGB","4.39","E","Valeur estimée"
"EK","Tendances dans l’élevage","116","Cambodge","5118","Réserves","02151","Poulets","2017","2017","Unités de gros bétail (UGB)","131520","E","Valeur estimée"
"EK","Tendances dans l’élevage","120","Cameroun","7213","Densité des animaux dans la superficie agricole","02151","Poulets","2017","2017","UGB/ha","0.05","E","Valeur estimée"
"EK","Tendances dans l’élevage","120","Cameroun","7211","Part du total des animaux","02151","Poulets","2017","2017","% du total des UGB","10.6","E","Valeur estimée"
"EK","Tendances dans l’élevage","120","Cameroun","5118","Réserves","02151","Poulets","2017","2017","Unités de gros bétail (UGB)","511000","E","Valeur estimée"
"EK","Tendances dans l’élevage","124","Canada","7213","Densité des animaux dans la superficie agricole","02151","Poulets","2017","2017","UGB/ha","0.03","E","Valeur estimée"
"EK","Tendances dans l’élevage","124","Canada","7211","Part du total des animaux","02151","Poulets","2017","2017","% du total des UGB","9.91","E","Valeur estimée"
"EK","Tendances dans l’élevage","124","Canada","5118","Réserves","02151","Poulets","2017","2017","Unités de gros bétail (UGB)","1702030","E","Valeur estimée"
"EK","Tendances dans l’élevage","152","Chili","7213","Densité des animaux dans la superficie agricole","02151","Poulets","2017","2017","UGB/ha","0.07","E","Valeur estimée"
"EK","Tendances dans l’élevage","152","Chili","7211","Part du total des animaux","02151","Poulets","2017","2017","% du total des UGB","26.15","E","Valeur estimée"
"EK","Tendances dans l’élevage","152","Chili","5118","Réserves","02151","Poulets","2017","2017","Unités de gros bétail (UGB)","1099730","E","Valeur estimée"
"EK","Tendances dans l’élevage","159","Chine","7213","Densité des animaux dans la superficie agricole","02151","Poulets","2017","2017","UGB/ha","0.1","E","Valeur estimée"
"EK","Tendances dans l’élevage","159","Chine","7211","Part du total des animaux","02151","Poulets","2017","2017","% du total des UGB","20.03","E","Valeur estimée"
"EK","Tendances dans l’élevage","159","Chine","5118","Réserves","02151","Poulets","2017","2017","Unités de gros bétail (UGB)","51397490","E","Valeur estimée"
"EK","Tendances dans l’élevage","344","Chine - RAS de Hong-Kong","7213","Densité des animaux dans la superficie agricole","02151","Poulets","2017","2017","UGB/ha","2.55","E","Valeur estimée"
"EK","Tendances dans l’élevage","344","Chine - RAS de Hong-Kong","7211","Part du total des animaux","02151","Poulets","2017","2017","% du total des UGB","23.5","E","Valeur estimée"
"EK","Tendances dans l’élevage","344","Chine - RAS de Hong-Kong","5118","Réserves","02151","Poulets","2017","2017","Unités de gros bétail (UGB)","13000","E","Valeur estimée"
"EK","Tendances dans l’élevage","446","Chine - RAS de Macao","7211","Part du total des animaux","02151","Poulets","2017","2017","% du total des UGB","100","E","Valeur estimée"
"EK","Tendances dans l’élevage","446","Chine - RAS de Macao","5118","Réserves","02151","Poulets","2017","2017","Unités de gros bétail (UGB)","7450","E","Valeur estimée"
"EK","Tendances dans l’élevage","156","Chine, continentale","7213","Densité des animaux dans la superficie agricole","02151","Poulets","2017","2017","UGB/ha","0.1","E","Valeur estimée"
"EK","Tendances dans l’élevage","156","Chine, continentale","7211","Part du total des animaux","02151","Poulets","2017","2017","% du total des UGB","19.84","E","Valeur estimée"
"EK","Tendances dans l’élevage","156","Chine, continentale","5118","Réserves","02151","Poulets","2017","2017","Unités de gros bétail (UGB)","50430570","E","Valeur estimée"
"EK","Tendances dans l’élevage","158","Chine, Taiwan Province de","7213","Densité des animaux dans la superficie agricole","02151","Poulets","2017","2017","UGB/ha","1.19","E","Valeur estimée"
"EK","Tendances dans l’élevage","158","Chine, Taiwan Province de","7211","Part du total des animaux","02151","Poulets","2017","2017","% du total des UGB","39.15","E","Valeur estimée"
"EK","Tendances dans l’élevage","158","Chine, Taiwan Province de","5118","Réserves","02151","Poulets","2017","2017","Unités de gros bétail (UGB)","946470","E","Valeur estimée"
"EK","Tendances dans l’élevage","196","Chypre","7213","Densité des animaux dans la superficie agricole","02151","Poulets","2017","2017","UGB/ha","0.21","E","Valeur estimée"
"EK","Tendances dans l’élevage","196","Chypre","7211","Part du total des animaux","02151","Poulets","2017","2017","% du total des UGB","12.26","E","Valeur estimée"
"EK","Tendances dans l’élevage","196","Chypre","5118","Réserves","02151","Poulets","2017","2017","Unités de gros bétail (UGB)","24950","E","Valeur estimée"
"EK","Tendances dans l’élevage","170","Colombie","7213","Densité des animaux dans la superficie agricole","02151","Poulets","2017","2017","UGB/ha","0.03","E","Valeur estimée"
"EK","Tendances dans l’élevage","170","Colombie","7211","Part du total des animaux","02151","Poulets","2017","2017","% du total des UGB","7.78","E","Valeur estimée"
"EK","Tendances dans l’élevage","170","Colombie","5118","Réserves","02151","Poulets","2017","2017","Unités de gros bétail (UGB)","1638300","E","Valeur estimée"
"EK","Tendances dans l’élevage","174","Comores","7213","Densité des animaux dans la superficie agricole","02151","Poulets","2017","2017","UGB/ha","0.04","E","Valeur estimée"
"EK","Tendances dans l’élevage","174","Comores","7211","Part du total des animaux","02151","Poulets","2017","2017","% du total des UGB","11.48","E","Valeur estimée"
"EK","Tendances dans l’élevage","174","Comores","5118","Réserves","02151","Poulets","2017","2017","Unités de gros bétail (UGB)","5410","E","Valeur estimée"
"EK","Tendances dans l’élevage","178","Congo","7213","Densité des animaux dans la superficie agricole","02151","Poulets","2017","2017","UGB/ha","0","E","Valeur estimée"
"EK","Tendances dans l’élevage","178","Congo","7211","Part du total des animaux","02151","Poulets","2017","2017","% du total des UGB","11.02","E","Valeur estimée"
"EK","Tendances dans l’élevage","178","Congo","5118","Réserves","02151","Poulets","2017","2017","Unités de gros bétail (UGB)","29690","E","Valeur estimée"
"EK","Tendances dans l’élevage","188","Costa Rica","7213","Densité des animaux dans la superficie agricole","02151","Poulets","2017","2017","UGB/ha","0.14","E","Valeur estimée"
"EK","Tendances dans l’élevage","188","Costa Rica","7211","Part du total des animaux","02151","Poulets","2017","2017","% du total des UGB","16.78","E","Valeur estimée"
"EK","Tendances dans l’élevage","188","Costa Rica","5118","Réserves","02151","Poulets","2017","2017","Unités de gros bétail (UGB)","243830","E","Valeur estimée"
"EK","Tendances dans l’élevage","384","Côte d'Ivoire","7213","Densité des animaux dans la superficie agricole","02151","Poulets","2017","2017","UGB/ha","0.03","E","Valeur estimée"
"EK","Tendances dans l’élevage","384","Côte d'Ivoire","7211","Part du total des animaux","02151","Poulets","2017","2017","% du total des UGB","34.95","E","Valeur estimée"
"EK","Tendances dans l’élevage","384","Côte d'Ivoire","5118","Réserves","02151","Poulets","2017","2017","Unités de gros bétail (UGB)","726970","E","Valeur estimée"
"EK","Tendances dans l’élevage","191","Croatie","7213","Densité des animaux dans la superficie agricole","02151","Poulets","2017","2017","UGB/ha","0.07","E","Valeur estimée"
"EK","Tendances dans l’élevage","191","Croatie","7211","Part du total des animaux","02151","Poulets","2017","2017","% du total des UGB","13.35","E","Valeur estimée"
"EK","Tendances dans l’élevage","191","Croatie","5118","Réserves","02151","Poulets","2017","2017","Unités de gros bétail (UGB)","98400","E","Valeur estimée"
"EK","Tendances dans l’élevage","192","Cuba","7213","Densité des animaux dans la superficie agricole","02151","Poulets","2017","2017","UGB/ha","0.04","E","Valeur estimée"
"EK","Tendances dans l’élevage","192","Cuba","7211","Part du total des animaux","02151","Poulets","2017","2017","% du total des UGB","6.64","E","Valeur estimée"
"EK","Tendances dans l’élevage","192","Cuba","5118","Réserves","02151","Poulets","2017","2017","Unités de gros bétail (UGB)","256350","E","Valeur estimée"
"EK","Tendances dans l’élevage","208","Danemark","7213","Densité des animaux dans la superficie agricole","02151","Poulets","2017","2017","UGB/ha","0.08","E","Valeur estimée"
"EK","Tendances dans l’élevage","208","Danemark","7211","Part du total des animaux","02151","Poulets","2017","2017","% du total des UGB","4.39","E","Valeur estimée"
"EK","Tendances dans l’élevage","208","Danemark","5118","Réserves","02151","Poulets","2017","2017","Unités de gros bétail (UGB)","207330","E","Valeur estimée"
"EK","Tendances dans l’élevage","212","Dominique","7213","Densité des animaux dans la superficie agricole","02151","Poulets","2017","2017","UGB/ha","0.08","E","Valeur estimée"
"EK","Tendances dans l’élevage","212","Dominique","7211","Part du total des animaux","02151","Poulets","2017","2017","% du total des UGB","15.1","E","Valeur estimée"
"EK","Tendances dans l’élevage","212","Dominique","5118","Réserves","02151","Poulets","2017","2017","Unités de gros bétail (UGB)","2000","E","Valeur estimée"
"EK","Tendances dans l’élevage","818","Égypte","7213","Densité des animaux dans la superficie agricole","02151","Poulets","2017","2017","UGB/ha","0.42","E","Valeur estimée"
"EK","Tendances dans l’élevage","818","Égypte","7211","Part du total des animaux","02151","Poulets","2017","2017","% du total des UGB","18.08","E","Valeur estimée"
"EK","Tendances dans l’élevage","818","Égypte","5118","Réserves","02151","Poulets","2017","2017","Unités de gros bétail (UGB)","1599060","E","Valeur estimée"
"EK","Tendances dans l’élevage","222","El Salvador","7213","Densité des animaux dans la superficie agricole","02151","Poulets","2017","2017","UGB/ha","0.14","E","Valeur estimée"
"EK","Tendances dans l’élevage","222","El Salvador","7211","Part du total des animaux","02151","Poulets","2017","2017","% du total des UGB","18.73","E","Valeur estimée"
"EK","Tendances dans l’élevage","222","El Salvador","5118","Réserves","02151","Poulets","2017","2017","Unités de gros bétail (UGB)","172750","E","Valeur estimée"
"EK","Tendances dans l’élevage","784","Émirats arabes unis","7213","Densité des animaux dans la superficie agricole","02151","Poulets","2017","2017","UGB/ha","0.63","E","Valeur estimée"
"EK","Tendances dans l’élevage","784","Émirats arabes unis","7211","Part du total des animaux","02151","Poulets","2017","2017","% du total des UGB","21.96","E","Valeur estimée"
"EK","Tendances dans l’élevage","784","Émirats arabes unis","5118","Réserves","02151","Poulets","2017","2017","Unités de gros bétail (UGB)","243470","E","Valeur estimée"
"EK","Tendances dans l’élevage","218","Équateur","7213","Densité des animaux dans la superficie agricole","02151","Poulets","2017","2017","UGB/ha","0.29","E","Valeur estimée"
"EK","Tendances dans l’élevage","218","Équateur","7211","Part du total des animaux","02151","Poulets","2017","2017","% du total des UGB","31.67","E","Valeur estimée"
"EK","Tendances dans l’élevage","218","Équateur","5118","Réserves","02151","Poulets","2017","2017","Unités de gros bétail (UGB)","1605560","E","Valeur estimée"
"EK","Tendances dans l’élevage","232","Érythrée","7213","Densité des animaux dans la superficie agricole","02151","Poulets","2017","2017","UGB/ha","0","E","Valeur estimée"
"EK","Tendances dans l’élevage","232","Érythrée","7211","Part du total des animaux","02151","Poulets","2017","2017","% du total des UGB","0.72","E","Valeur estimée"
"EK","Tendances dans l’élevage","232","Érythrée","5118","Réserves","02151","Poulets","2017","2017","Unités de gros bétail (UGB)","12770","E","Valeur estimée"
"EK","Tendances dans l’élevage","724","Espagne","7213","Densité des animaux dans la superficie agricole","02151","Poulets","2017","2017","UGB/ha","0.05","E","Valeur estimée"
"EK","Tendances dans l’élevage","724","Espagne","7211","Part du total des animaux","02151","Poulets","2017","2017","% du total des UGB","8.12","E","Valeur estimée"
"EK","Tendances dans l’élevage","724","Espagne","5118","Réserves","02151","Poulets","2017","2017","Unités de gros bétail (UGB)","1375000","E","Valeur estimée"
"EK","Tendances dans l’élevage","233","Estonie","7213","Densité des animaux dans la superficie agricole","02151","Poulets","2017","2017","UGB/ha","0.02","E","Valeur estimée"
"EK","Tendances dans l’élevage","233","Estonie","7211","Part du total des animaux","02151","Poulets","2017","2017","% du total des UGB","8.54","E","Valeur estimée"
"EK","Tendances dans l’élevage","233","Estonie","5118","Réserves","02151","Poulets","2017","2017","Unités de gros bétail (UGB)","21950","E","Valeur estimée"
"EK","Tendances dans l’élevage","748","Eswatini","7213","Densité des animaux dans la superficie agricole","02151","Poulets","2017","2017","UGB/ha","0.03","E","Valeur estimée"
"EK","Tendances dans l’élevage","748","Eswatini","7211","Part du total des animaux","02151","Poulets","2017","2017","% du total des UGB","9.91","E","Valeur estimée"
"EK","Tendances dans l’élevage","748","Eswatini","5118","Réserves","02151","Poulets","2017","2017","Unités de gros bétail (UGB)","38250","E","Valeur estimée"
"EK","Tendances dans l’élevage","231","Éthiopie","7213","Densité des animaux dans la superficie agricole","02151","Poulets","2017","2017","UGB/ha","0.01","E","Valeur estimée"
"EK","Tendances dans l’élevage","231","Éthiopie","7211","Part du total des animaux","02151","Poulets","2017","2017","% du total des UGB","1.33","E","Valeur estimée"
"EK","Tendances dans l’élevage","231","Éthiopie","5118","Réserves","02151","Poulets","2017","2017","Unités de gros bétail (UGB)","560560","E","Valeur estimée"
"EK","Tendances dans l’élevage","643","Fédération de Russie","7213","Densité des animaux dans la superficie agricole","02151","Poulets","2017","2017","UGB/ha","0.02","E","Valeur estimée"
"EK","Tendances dans l’élevage","643","Fédération de Russie","7211","Part du total des animaux","02151","Poulets","2017","2017","% du total des UGB","20.38","E","Valeur estimée"
"EK","Tendances dans l’élevage","643","Fédération de Russie","5118","Réserves","02151","Poulets","2017","2017","Unités de gros bétail (UGB)","5057680","E","Valeur estimée"
"EK","Tendances dans l’élevage","242","Fidji","7213","Densité des animaux dans la superficie agricole","02151","Poulets","2017","2017","UGB/ha","0.17","E","Valeur estimée"
"EK","Tendances dans l’élevage","242","Fidji","7211","Part du total des animaux","02151","Poulets","2017","2017","% du total des UGB","27.1","E","Valeur estimée"
"EK","Tendances dans l’élevage","242","Fidji","5118","Réserves","02151","Poulets","2017","2017","Unités de gros bétail (UGB)","52820","E","Valeur estimée"
"EK","Tendances dans l’élevage","246","Finlande","7213","Densité des animaux dans la superficie agricole","02151","Poulets","2017","2017","UGB/ha","0.04","E","Valeur estimée"
"EK","Tendances dans l’élevage","246","Finlande","7211","Part du total des animaux","02151","Poulets","2017","2017","% du total des UGB","6.89","E","Valeur estimée"
"EK","Tendances dans l’élevage","246","Finlande","5118","Réserves","02151","Poulets","2017","2017","Unités de gros bétail (UGB)","85200","E","Valeur estimée"
"EK","Tendances dans l’élevage","250","France","7213","Densité des animaux dans la superficie agricole","02151","Poulets","2017","2017","UGB/ha","0.09","E","Valeur estimée"
"EK","Tendances dans l’élevage","250","France","7211","Part du total des animaux","02151","Poulets","2017","2017","% du total des UGB","10.27","E","Valeur estimée"
"EK","Tendances dans l’élevage","250","France","5118","Réserves","02151","Poulets","2017","2017","Unités de gros bétail (UGB)","2447740","E","Valeur estimée"
"EK","Tendances dans l’élevage","266","Gabon","7213","Densité des animaux dans la superficie agricole","02151","Poulets","2017","2017","UGB/ha","0.01","E","Valeur estimée"
"EK","Tendances dans l’élevage","266","Gabon","7211","Part du total des animaux","02151","Poulets","2017","2017","% du total des UGB","24.84","E","Valeur estimée"
"EK","Tendances dans l’élevage","266","Gabon","5118","Réserves","02151","Poulets","2017","2017","Unités de gros bétail (UGB)","32110","E","Valeur estimée"
"EK","Tendances dans l’élevage","270","Gambie","7213","Densité des animaux dans la superficie agricole","02151","Poulets","2017","2017","UGB/ha","0.02","E","Valeur estimée"
"EK","Tendances dans l’élevage","270","Gambie","7211","Part du total des animaux","02151","Poulets","2017","2017","% du total des UGB","4.32","E","Valeur estimée"
"EK","Tendances dans l’élevage","270","Gambie","5118","Réserves","02151","Poulets","2017","2017","Unités de gros bétail (UGB)","13600","E","Valeur estimée"
"EK","Tendances dans l’élevage","268","Géorgie","7213","Densité des animaux dans la superficie agricole","02151","Poulets","2017","2017","UGB/ha","0.03","E","Valeur estimée"
"EK","Tendances dans l’élevage","268","Géorgie","7211","Part du total des animaux","02151","Poulets","2017","2017","% du total des UGB","9.7","E","Valeur estimée"
"EK","Tendances dans l’élevage","268","Géorgie","5118","Réserves","02151","Poulets","2017","2017","Unités de gros bétail (UGB)","80460","E","Valeur estimée"
"EK","Tendances dans l’élevage","288","Ghana","7213","Densité des animaux dans la superficie agricole","02151","Poulets","2017","2017","UGB/ha","0.06","E","Valeur estimée"
"EK","Tendances dans l’élevage","288","Ghana","7211","Part du total des animaux","02151","Poulets","2017","2017","% du total des UGB","24.41","E","Valeur estimée"
"EK","Tendances dans l’élevage","288","Ghana","5118","Réserves","02151","Poulets","2017","2017","Unités de gros bétail (UGB)","753630","E","Valeur estimée"
"EK","Tendances dans l’élevage","300","Grèce","7213","Densité des animaux dans la superficie agricole","02151","Poulets","2017","2017","UGB/ha","0.06","E","Valeur estimée"
"EK","Tendances dans l’élevage","300","Grèce","7211","Part du total des animaux","02151","Poulets","2017","2017","% du total des UGB","15.51","E","Valeur estimée"
"EK","Tendances dans l’élevage","300","Grèce","5118","Réserves","02151","Poulets","2017","2017","Unités de gros bétail (UGB)","372620","E","Valeur estimée"
"EK","Tendances dans l’élevage","308","Grenade","7213","Densité des animaux dans la superficie agricole","02151","Poulets","2017","2017","UGB/ha","0.34","E","Valeur estimée"
"EK","Tendances dans l’élevage","308","Grenade","7211","Part du total des animaux","02151","Poulets","2017","2017","% du total des UGB","32.13","E","Valeur estimée"
"EK","Tendances dans l’élevage","308","Grenade","5118","Réserves","02151","Poulets","2017","2017","Unités de gros bétail (UGB)","2730","E","Valeur estimée"
"EK","Tendances dans l’élevage","320","Guatemala","7213","Densité des animaux dans la superficie agricole","02151","Poulets","2017","2017","UGB/ha","0.09","E","Valeur estimée"
"EK","Tendances dans l’élevage","320","Guatemala","7211","Part du total des animaux","02151","Poulets","2017","2017","% du total des UGB","9.14","E","Valeur estimée"
"EK","Tendances dans l’élevage","320","Guatemala","5118","Réserves","02151","Poulets","2017","2017","Unités de gros bétail (UGB)","360380","E","Valeur estimée"
"EK","Tendances dans l’élevage","324","Guinée","7213","Densité des animaux dans la superficie agricole","02151","Poulets","2017","2017","UGB/ha","0.02","E","Valeur estimée"
"EK","Tendances dans l’élevage","324","Guinée","7211","Part du total des animaux","02151","Poulets","2017","2017","% du total des UGB","7.12","E","Valeur estimée"
"EK","Tendances dans l’élevage","324","Guinée","5118","Réserves","02151","Poulets","2017","2017","Unités de gros bétail (UGB)","318410","E","Valeur estimée"
"EK","Tendances dans l’élevage","226","Guinée équatoriale","7213","Densité des animaux dans la superficie agricole","02151","Poulets","2017","2017","UGB/ha","0.02","E","Valeur estimée"
"EK","Tendances dans l’élevage","226","Guinée équatoriale","7211","Part du total des animaux","02151","Poulets","2017","2017","% du total des UGB","28.92","E","Valeur estimée"
"EK","Tendances dans l’élevage","226","Guinée équatoriale","5118","Réserves","02151","Poulets","2017","2017","Unités de gros bétail (UGB)","3710","E","Valeur estimée"
"EK","Tendances dans l’élevage","624","Guinée-Bissau","7213","Densité des animaux dans la superficie agricole","02151","Poulets","2017","2017","UGB/ha","0.03","E","Valeur estimée"
"EK","Tendances dans l’élevage","624","Guinée-Bissau","7211","Part du total des animaux","02151","Poulets","2017","2017","% du total des UGB","3.46","E","Valeur estimée"
"EK","Tendances dans l’élevage","624","Guinée-Bissau","5118","Réserves","02151","Poulets","2017","2017","Unités de gros bétail (UGB)","20200","E","Valeur estimée"
"EK","Tendances dans l’élevage","328","Guyana","7213","Densité des animaux dans la superficie agricole","02151","Poulets","2017","2017","UGB/ha","0.23","E","Valeur estimée"
"EK","Tendances dans l’élevage","328","Guyana","7211","Part du total des animaux","02151","Poulets","2017","2017","% du total des UGB","73.61","E","Valeur estimée"
"EK","Tendances dans l’élevage","328","Guyana","5118","Réserves","02151","Poulets","2017","2017","Unités de gros bétail (UGB)","281690","E","Valeur estimée"
"EK","Tendances dans l’élevage","332","Haïti","7213","Densité des animaux dans la superficie agricole","02151","Poulets","2017","2017","UGB/ha","0.03","E","Valeur estimée"
"EK","Tendances dans l’élevage","332","Haïti","7211","Part du total des animaux","02151","Poulets","2017","2017","% du total des UGB","3.11","E","Valeur estimée"
"EK","Tendances dans l’élevage","332","Haïti","5118","Réserves","02151","Poulets","2017","2017","Unités de gros bétail (UGB)","58260","E","Valeur estimée"
"EK","Tendances dans l’élevage","340","Honduras","7213","Densité des animaux dans la superficie agricole","02151","Poulets","2017","2017","UGB/ha","0.13","E","Valeur estimée"
"EK","Tendances dans l’élevage","340","Honduras","7211","Part du total des animaux","02151","Poulets","2017","2017","% du total des UGB","17.32","E","Valeur estimée"
"EK","Tendances dans l’élevage","340","Honduras","5118","Réserves","02151","Poulets","2017","2017","Unités de gros bétail (UGB)","466730","E","Valeur estimée"
"EK","Tendances dans l’élevage","348","Hongrie","7213","Densité des animaux dans la superficie agricole","02151","Poulets","2017","2017","UGB/ha","0.06","E","Valeur estimée"
"EK","Tendances dans l’élevage","348","Hongrie","7211","Part du total des animaux","02151","Poulets","2017","2017","% du total des UGB","18.65","E","Valeur estimée"
"EK","Tendances dans l’élevage","348","Hongrie","5118","Réserves","02151","Poulets","2017","2017","Unités de gros bétail (UGB)","320270","E","Valeur estimée"
"EK","Tendances dans l’élevage","184","Îles Cook","7213","Densité des animaux dans la superficie agricole","02151","Poulets","2017","2017","UGB/ha","0.13","E","Valeur estimée"
"EK","Tendances dans l’élevage","184","Îles Cook","7211","Part du total des animaux","02151","Poulets","2017","2017","% du total des UGB","2.88","E","Valeur estimée"
"EK","Tendances dans l’élevage","184","Îles Cook","5118","Réserves","02151","Poulets","2017","2017","Unités de gros bétail (UGB)","190","E","Valeur estimée"
"EK","Tendances dans l’élevage","090","Îles Salomon","7213","Densité des animaux dans la superficie agricole","02151","Poulets","2017","2017","UGB/ha","0.02","E","Valeur estimée"
"EK","Tendances dans l’élevage","090","Îles Salomon","7211","Part du total des animaux","02151","Poulets","2017","2017","% du total des UGB","10.74","E","Valeur estimée"
"EK","Tendances dans l’élevage","090","Îles Salomon","5118","Réserves","02151","Poulets","2017","2017","Unités de gros bétail (UGB)","2430","E","Valeur estimée"
"EK","Tendances dans l’élevage","356","Inde","7213","Densité des animaux dans la superficie agricole","02151","Poulets","2017","2017","UGB/ha","0.04","E","Valeur estimée"
"EK","Tendances dans l’élevage","356","Inde","7211","Part du total des animaux","02151","Poulets","2017","2017","% du total des UGB","4.25","E","Valeur estimée"
"EK","Tendances dans l’élevage","356","Inde","5118","Réserves","02151","Poulets","2017","2017","Unités de gros bétail (UGB)","7742580","E","Valeur estimée"
"EK","Tendances dans l’élevage","360","Indonésie","7213","Densité des animaux dans la superficie agricole","02151","Poulets","2017","2017","UGB/ha","0.56","E","Valeur estimée"
"EK","Tendances dans l’élevage","360","Indonésie","7211","Part du total des animaux","02151","Poulets","2017","2017","% du total des UGB","66.58","E","Valeur estimée"
"EK","Tendances dans l’élevage","360","Indonésie","5118","Réserves","02151","Poulets","2017","2017","Unités de gros bétail (UGB)","34811810","E","Valeur estimée"
"EK","Tendances dans l’élevage","364","Iran (République islamique d')","7213","Densité des animaux dans la superficie agricole","02151","Poulets","2017","2017","UGB/ha","0.21","E","Valeur estimée"
"EK","Tendances dans l’élevage","364","Iran (République islamique d')","7211","Part du total des animaux","02151","Poulets","2017","2017","% du total des UGB","48.51","E","Valeur estimée"
"EK","Tendances dans l’élevage","364","Iran (République islamique d')","5118","Réserves","02151","Poulets","2017","2017","Unités de gros bétail (UGB)","9530000","E","Valeur estimée"
"EK","Tendances dans l’élevage","368","Iraq","7213","Densité des animaux dans la superficie agricole","02151","Poulets","2017","2017","UGB/ha","0.05","E","Valeur estimée"
"EK","Tendances dans l’élevage","368","Iraq","7211","Part du total des animaux","02151","Poulets","2017","2017","% du total des UGB","16.45","E","Valeur estimée"
"EK","Tendances dans l’élevage","368","Iraq","5118","Réserves","02151","Poulets","2017","2017","Unités de gros bétail (UGB)","500730","E","Valeur estimée"
"EK","Tendances dans l’élevage","372","Irlande","7213","Densité des animaux dans la superficie agricole","02151","Poulets","2017","2017","UGB/ha","0.03","E","Valeur estimée"
"EK","Tendances dans l’élevage","372","Irlande","7211","Part du total des animaux","02151","Poulets","2017","2017","% du total des UGB","2","E","Valeur estimée"
"EK","Tendances dans l’élevage","372","Irlande","5118","Réserves","02151","Poulets","2017","2017","Unités de gros bétail (UGB)","155040","E","Valeur estimée"
"EK","Tendances dans l’élevage","352","Islande","7213","Densité des animaux dans la superficie agricole","02151","Poulets","2017","2017","UGB/ha","0","E","Valeur estimée"
"EK","Tendances dans l’élevage","352","Islande","7211","Part du total des animaux","02151","Poulets","2017","2017","% du total des UGB","1.35","E","Valeur estimée"
"EK","Tendances dans l’élevage","352","Islande","5118","Réserves","02151","Poulets","2017","2017","Unités de gros bétail (UGB)","2300","E","Valeur estimée"
"EK","Tendances dans l’élevage","376","Israël","7213","Densité des animaux dans la superficie agricole","02151","Poulets","2017","2017","UGB/ha","0.72","E","Valeur estimée"
"EK","Tendances dans l’élevage","376","Israël","7211","Part du total des animaux","02151","Poulets","2017","2017","% du total des UGB","53","E","Valeur estimée"
"EK","Tendances dans l’élevage","376","Israël","5118","Réserves","02151","Poulets","2017","2017","Unités de gros bétail (UGB)","462870","E","Valeur estimée"
"EK","Tendances dans l’élevage","380","Italie","7213","Densité des animaux dans la superficie agricole","02151","Poulets","2017","2017","UGB/ha","0.11","E","Valeur estimée"
"EK","Tendances dans l’élevage","380","Italie","7211","Part du total des animaux","02151","Poulets","2017","2017","% du total des UGB","14.24","E","Valeur estimée"
"EK","Tendances dans l’élevage","380","Italie","5118","Réserves","02151","Poulets","2017","2017","Unités de gros bétail (UGB)","1469480","E","Valeur estimée"
"EK","Tendances dans l’élevage","388","Jamaïque","7213","Densité des animaux dans la superficie agricole","02151","Poulets","2017","2017","UGB/ha","0.32","E","Valeur estimée"
"EK","Tendances dans l’élevage","388","Jamaïque","7211","Part du total des animaux","02151","Poulets","2017","2017","% du total des UGB","39.85","E","Valeur estimée"
"EK","Tendances dans l’élevage","388","Jamaïque","5118","Réserves","02151","Poulets","2017","2017","Unités de gros bétail (UGB)","141650","E","Valeur estimée"
"EK","Tendances dans l’élevage","392","Japon","7213","Densité des animaux dans la superficie agricole","02151","Poulets","2017","2017","UGB/ha","0.71","E","Valeur estimée"
"EK","Tendances dans l’élevage","392","Japon","7211","Part du total des animaux","02151","Poulets","2017","2017","% du total des UGB","35.15","E","Valeur estimée"
"EK","Tendances dans l’élevage","392","Japon","5118","Réserves","02151","Poulets","2017","2017","Unités de gros bétail (UGB)","3138230","E","Valeur estimée"
"EK","Tendances dans l’élevage","400","Jordanie","7213","Densité des animaux dans la superficie agricole","02151","Poulets","2017","2017","UGB/ha","0.28","E","Valeur estimée"
"EK","Tendances dans l’élevage","400","Jordanie","7211","Part du total des animaux","02151","Poulets","2017","2017","% du total des UGB","38.26","E","Valeur estimée"
"EK","Tendances dans l’élevage","400","Jordanie","5118","Réserves","02151","Poulets","2017","2017","Unités de gros bétail (UGB)","281150","E","Valeur estimée"
"EK","Tendances dans l’élevage","398","Kazakhstan","7213","Densité des animaux dans la superficie agricole","02151","Poulets","2017","2017","UGB/ha","0","E","Valeur estimée"
"EK","Tendances dans l’élevage","398","Kazakhstan","7211","Part du total des animaux","02151","Poulets","2017","2017","% du total des UGB","4.75","E","Valeur estimée"
"EK","Tendances dans l’élevage","398","Kazakhstan","5118","Réserves","02151","Poulets","2017","2017","Unités de gros bétail (UGB)","383760","E","Valeur estimée"
"EK","Tendances dans l’élevage","404","Kenya","7213","Densité des animaux dans la superficie agricole","02151","Poulets","2017","2017","UGB/ha","0.02","E","Valeur estimée"
"EK","Tendances dans l’élevage","404","Kenya","7211","Part du total des animaux","02151","Poulets","2017","2017","% du total des UGB","2.91","E","Valeur estimée"
"EK","Tendances dans l’élevage","404","Kenya","5118","Réserves","02151","Poulets","2017","2017","Unités de gros bétail (UGB)","481250","E","Valeur estimée"
"EK","Tendances dans l’élevage","417","Kirghizistan","7213","Densité des animaux dans la superficie agricole","02151","Poulets","2017","2017","UGB/ha","0","E","Valeur estimée"
"EK","Tendances dans l’élevage","417","Kirghizistan","7211","Part du total des animaux","02151","Poulets","2017","2017","% du total des UGB","2.28","E","Valeur estimée"
"EK","Tendances dans l’élevage","417","Kirghizistan","5118","Réserves","02151","Poulets","2017","2017","Unités de gros bétail (UGB)","44150","E","Valeur estimée"
"EK","Tendances dans l’élevage","296","Kiribati","7213","Densité des animaux dans la superficie agricole","02151","Poulets","2017","2017","UGB/ha","0.18","E","Valeur estimée"
"EK","Tendances dans l’élevage","296","Kiribati","7211","Part du total des animaux","02151","Poulets","2017","2017","% du total des UGB","68.27","E","Valeur estimée"
"EK","Tendances dans l’élevage","296","Kiribati","5118","Réserves","02151","Poulets","2017","2017","Unités de gros bétail (UGB)","6230","E","Valeur estimée"
"EK","Tendances dans l’élevage","414","Koweït","7213","Densité des animaux dans la superficie agricole","02151","Poulets","2017","2017","UGB/ha","3.5","E","Valeur estimée"
"EK","Tendances dans l’élevage","414","Koweït","7211","Part du total des animaux","02151","Poulets","2017","2017","% du total des UGB","82.15","E","Valeur estimée"
"EK","Tendances dans l’élevage","414","Koweït","5118","Réserves","02151","Poulets","2017","2017","Unités de gros bétail (UGB)","530120","E","Valeur estimée"
"EK","Tendances dans l’élevage","426","Lesotho","7213","Densité des animaux dans la superficie agricole","02151","Poulets","2017","2017","UGB/ha","0","E","Valeur estimée"
"EK","Tendances dans l’élevage","426","Lesotho","7211","Part du total des animaux","02151","Poulets","2017","2017","% du total des UGB","0.71","E","Valeur estimée"
"EK","Tendances dans l’élevage","426","Lesotho","5118","Réserves","02151","Poulets","2017","2017","Unités de gros bétail (UGB)","4330","E","Valeur estimée"
"EK","Tendances dans l’élevage","428","Lettonie","7213","Densité des animaux dans la superficie agricole","02151","Poulets","2017","2017","UGB/ha","0.01","E","Valeur estimée"
"EK","Tendances dans l’élevage","428","Lettonie","7211","Part du total des animaux","02151","Poulets","2017","2017","% du total des UGB","5.85","E","Valeur estimée"
"EK","Tendances dans l’élevage","428","Lettonie","5118","Réserves","02151","Poulets","2017","2017","Unités de gros bétail (UGB)","21710","E","Valeur estimée"
"EK","Tendances dans l’élevage","422","Liban","7213","Densité des animaux dans la superficie agricole","02151","Poulets","2017","2017","UGB/ha","1.02","E","Valeur estimée"
"EK","Tendances dans l’élevage","422","Liban","7211","Part du total des animaux","02151","Poulets","2017","2017","% du total des UGB","80.16","E","Valeur estimée"
"EK","Tendances dans l’élevage","422","Liban","5118","Réserves","02151","Poulets","2017","2017","Unités de gros bétail (UGB)","688760","E","Valeur estimée"
"EK","Tendances dans l’élevage","430","Libéria","7213","Densité des animaux dans la superficie agricole","02151","Poulets","2017","2017","UGB/ha","0.04","E","Valeur estimée"
"EK","Tendances dans l’élevage","430","Libéria","7211","Part du total des animaux","02151","Poulets","2017","2017","% du total des UGB","34.96","E","Valeur estimée"
"EK","Tendances dans l’élevage","430","Libéria","5118","Réserves","02151","Poulets","2017","2017","Unités de gros bétail (UGB)","78400","E","Valeur estimée"
"EK","Tendances dans l’élevage","434","Libye","7213","Densité des animaux dans la superficie agricole","02151","Poulets","2017","2017","UGB/ha","0.02","E","Valeur estimée"
"EK","Tendances dans l’élevage","434","Libye","7211","Part du total des animaux","02151","Poulets","2017","2017","% du total des UGB","22.2","E","Valeur estimée"
"EK","Tendances dans l’élevage","434","Libye","5118","Réserves","02151","Poulets","2017","2017","Unités de gros bétail (UGB)","346880","E","Valeur estimée"
"EK","Tendances dans l’élevage","440","Lituanie","7213","Densité des animaux dans la superficie agricole","02151","Poulets","2017","2017","UGB/ha","0.03","E","Valeur estimée"
"EK","Tendances dans l’élevage","440","Lituanie","7211","Part du total des animaux","02151","Poulets","2017","2017","% du total des UGB","13.96","E","Valeur estimée"
"EK","Tendances dans l’élevage","440","Lituanie","5118","Réserves","02151","Poulets","2017","2017","Unités de gros bétail (UGB)","99170","E","Valeur estimée"
"EK","Tendances dans l’élevage","442","Luxembourg","7213","Densité des animaux dans la superficie agricole","02151","Poulets","2017","2017","UGB/ha","0.01","E","Valeur estimée"
"EK","Tendances dans l’élevage","442","Luxembourg","7211","Part du total des animaux","02151","Poulets","2017","2017","% du total des UGB","0.58","E","Valeur estimée"
"EK","Tendances dans l’élevage","442","Luxembourg","5118","Réserves","02151","Poulets","2017","2017","Unités de gros bétail (UGB)","1230","E","Valeur estimée"
"EK","Tendances dans l’élevage","807","Macédoine du Nord","7213","Densité des animaux dans la superficie agricole","02151","Poulets","2017","2017","UGB/ha","0.01","E","Valeur estimée"
"EK","Tendances dans l’élevage","807","Macédoine du Nord","7211","Part du total des animaux","02151","Poulets","2017","2017","% du total des UGB","5.8","E","Valeur estimée"
"EK","Tendances dans l’élevage","807","Macédoine du Nord","5118","Réserves","02151","Poulets","2017","2017","Unités de gros bétail (UGB)","18400","E","Valeur estimée"
"EK","Tendances dans l’élevage","450","Madagascar","7213","Densité des animaux dans la superficie agricole","02151","Poulets","2017","2017","UGB/ha","0.01","E","Valeur estimée"
"EK","Tendances dans l’élevage","450","Madagascar","7211","Part du total des animaux","02151","Poulets","2017","2017","% du total des UGB","6.32","E","Valeur estimée"
"EK","Tendances dans l’élevage","450","Madagascar","5118","Réserves","02151","Poulets","2017","2017","Unités de gros bétail (UGB)","387170","E","Valeur estimée"
"EK","Tendances dans l’élevage","458","Malaisie","7213","Densité des animaux dans la superficie agricole","02151","Poulets","2017","2017","UGB/ha","0.34","E","Valeur estimée"
"EK","Tendances dans l’élevage","458","Malaisie","7211","Part du total des animaux","02151","Poulets","2017","2017","% du total des UGB","73.56","E","Valeur estimée"
"EK","Tendances dans l’élevage","458","Malaisie","5118","Réserves","02151","Poulets","2017","2017","Unités de gros bétail (UGB)","2933020","E","Valeur estimée"
"EK","Tendances dans l’élevage","454","Malawi","7213","Densité des animaux dans la superficie agricole","02151","Poulets","2017","2017","UGB/ha","0.03","E","Valeur estimée"
"EK","Tendances dans l’élevage","454","Malawi","7211","Part du total des animaux","02151","Poulets","2017","2017","% du total des UGB","7.41","E","Valeur estimée"
"EK","Tendances dans l’élevage","454","Malawi","5118","Réserves","02151","Poulets","2017","2017","Unités de gros bétail (UGB)","185260","E","Valeur estimée"
"EK","Tendances dans l’élevage","466","Mali","7213","Densité des animaux dans la superficie agricole","02151","Poulets","2017","2017","UGB/ha","0.01","E","Valeur estimée"
"EK","Tendances dans l’élevage","466","Mali","7211","Part du total des animaux","02151","Poulets","2017","2017","% du total des UGB","3.83","E","Valeur estimée"
"EK","Tendances dans l’élevage","466","Mali","5118","Réserves","02151","Poulets","2017","2017","Unités de gros bétail (UGB)","450000","E","Valeur estimée"
"EK","Tendances dans l’élevage","470","Malte","7213","Densité des animaux dans la superficie agricole","02151","Poulets","2017","2017","UGB/ha","0.97","E","Valeur estimée"
"EK","Tendances dans l’élevage","470","Malte","7211","Part du total des animaux","02151","Poulets","2017","2017","% du total des UGB","35.66","E","Valeur estimée"
"EK","Tendances dans l’élevage","470","Malte","5118","Réserves","02151","Poulets","2017","2017","Unités de gros bétail (UGB)","10040","E","Valeur estimée"
"EK","Tendances dans l’élevage","504","Maroc","7213","Densité des animaux dans la superficie agricole","02151","Poulets","2017","2017","UGB/ha","0.07","E","Valeur estimée"
"EK","Tendances dans l’élevage","504","Maroc","7211","Part du total des animaux","02151","Poulets","2017","2017","% du total des UGB","26.5","E","Valeur estimée"
"EK","Tendances dans l’élevage","504","Maroc","5118","Réserves","02151","Poulets","2017","2017","Unités de gros bétail (UGB)","2049290","E","Valeur estimée"
"EK","Tendances dans l’élevage","480","Maurice","7213","Densité des animaux dans la superficie agricole","02151","Poulets","2017","2017","UGB/ha","1.85","E","Valeur estimée"
"EK","Tendances dans l’élevage","480","Maurice","7211","Part du total des animaux","02151","Poulets","2017","2017","% du total des UGB","94.55","E","Valeur estimée"
"EK","Tendances dans l’élevage","480","Maurice","5118","Réserves","02151","Poulets","2017","2017","Unités de gros bétail (UGB)","159010","E","Valeur estimée"
"EK","Tendances dans l’élevage","478","Mauritanie","7213","Densité des animaux dans la superficie agricole","02151","Poulets","2017","2017","UGB/ha","0","E","Valeur estimée"
"EK","Tendances dans l’élevage","478","Mauritanie","7211","Part du total des animaux","02151","Poulets","2017","2017","% du total des UGB","1.18","E","Valeur estimée"
"EK","Tendances dans l’élevage","478","Mauritanie","5118","Réserves","02151","Poulets","2017","2017","Unités de gros bétail (UGB)","46460","E","Valeur estimée"
"EK","Tendances dans l’élevage","484","Mexique","7213","Densité des animaux dans la superficie agricole","02151","Poulets","2017","2017","UGB/ha","0.06","E","Valeur estimée"
"EK","Tendances dans l’élevage","484","Mexique","7211","Part du total des animaux","02151","Poulets","2017","2017","% du total des UGB","13.11","E","Valeur estimée"
"EK","Tendances dans l’élevage","484","Mexique","5118","Réserves","02151","Poulets","2017","2017","Unités de gros bétail (UGB)","5561280","E","Valeur estimée"
"EK","Tendances dans l’élevage","583","Micronésie (États fédérés de)","7213","Densité des animaux dans la superficie agricole","02151","Poulets","2017","2017","UGB/ha","0.09","E","Valeur estimée"
"EK","Tendances dans l’élevage","583","Micronésie (États fédérés de)","7211","Part du total des animaux","02151","Poulets","2017","2017","% du total des UGB","9.42","E","Valeur estimée"
"EK","Tendances dans l’élevage","583","Micronésie (États fédérés de)","5118","Réserves","02151","Poulets","2017","2017","Unités de gros bétail (UGB)","1900","E","Valeur estimée"
"EK","Tendances dans l’élevage","496","Mongolie","7213","Densité des animaux dans la superficie agricole","02151","Poulets","2017","2017","UGB/ha","0","E","Valeur estimée"
"EK","Tendances dans l’élevage","496","Mongolie","7211","Part du total des animaux","02151","Poulets","2017","2017","% du total des UGB","0.06","E","Valeur estimée"
"EK","Tendances dans l’élevage","496","Mongolie","5118","Réserves","02151","Poulets","2017","2017","Unités de gros bétail (UGB)","6950","E","Valeur estimée"
"EK","Tendances dans l’élevage","499","Monténégro","7213","Densité des animaux dans la superficie agricole","02151","Poulets","2017","2017","UGB/ha","0.03","E","Valeur estimée"
"EK","Tendances dans l’élevage","499","Monténégro","7211","Part du total des animaux","02151","Poulets","2017","2017","% du total des UGB","8.69","E","Valeur estimée"
"EK","Tendances dans l’élevage","499","Monténégro","5118","Réserves","02151","Poulets","2017","2017","Unités de gros bétail (UGB)","7880","E","Valeur estimée"
"EK","Tendances dans l’élevage","508","Mozambique","7213","Densité des animaux dans la superficie agricole","02151","Poulets","2017","2017","UGB/ha","0","E","Valeur estimée"
"EK","Tendances dans l’élevage","508","Mozambique","7211","Part du total des animaux","02151","Poulets","2017","2017","% du total des UGB","10.06","E","Valeur estimée"
"EK","Tendances dans l’élevage","508","Mozambique","5118","Réserves","02151","Poulets","2017","2017","Unités de gros bétail (UGB)","190000","E","Valeur estimée"
"EK","Tendances dans l’élevage","104","Myanmar","7213","Densité des animaux dans la superficie agricole","02151","Poulets","2017","2017","UGB/ha","0.27","E","Valeur estimée"
"EK","Tendances dans l’élevage","104","Myanmar","7211","Part du total des animaux","02151","Poulets","2017","2017","% du total des UGB","14.84","E","Valeur estimée"
"EK","Tendances dans l’élevage","104","Myanmar","5118","Réserves","02151","Poulets","2017","2017","Unités de gros bétail (UGB)","3491710","E","Valeur estimée"
"EK","Tendances dans l’élevage","516","Namibie","7213","Densité des animaux dans la superficie agricole","02151","Poulets","2017","2017","UGB/ha","0","E","Valeur estimée"
"EK","Tendances dans l’élevage","516","Namibie","7211","Part du total des animaux","02151","Poulets","2017","2017","% du total des UGB","2.27","E","Valeur estimée"
"EK","Tendances dans l’élevage","516","Namibie","5118","Réserves","02151","Poulets","2017","2017","Unités de gros bétail (UGB)","44700","E","Valeur estimée"
"EK","Tendances dans l’élevage","520","Nauru","7213","Densité des animaux dans la superficie agricole","02151","Poulets","2017","2017","UGB/ha","0.13","E","Valeur estimée"
"EK","Tendances dans l’élevage","520","Nauru","7211","Part du total des animaux","02151","Poulets","2017","2017","% du total des UGB","7.61","E","Valeur estimée"
"EK","Tendances dans l’élevage","520","Nauru","5118","Réserves","02151","Poulets","2017","2017","Unités de gros bétail (UGB)","50","E","Valeur estimée"
"EK","Tendances dans l’élevage","524","Népal","7213","Densité des animaux dans la superficie agricole","02151","Poulets","2017","2017","UGB/ha","0.17","E","Valeur estimée"
"EK","Tendances dans l’élevage","524","Népal","7211","Part du total des animaux","02151","Poulets","2017","2017","% du total des UGB","8.31","E","Valeur estimée"
"EK","Tendances dans l’élevage","524","Népal","5118","Réserves","02151","Poulets","2017","2017","Unités de gros bétail (UGB)","700070","E","Valeur estimée"
"EK","Tendances dans l’élevage","558","Nicaragua","7213","Densité des animaux dans la superficie agricole","02151","Poulets","2017","2017","UGB/ha","0.05","E","Valeur estimée"
"EK","Tendances dans l’élevage","558","Nicaragua","7211","Part du total des animaux","02151","Poulets","2017","2017","% du total des UGB","5.94","E","Valeur estimée"
"EK","Tendances dans l’élevage","558","Nicaragua","5118","Réserves","02151","Poulets","2017","2017","Unités de gros bétail (UGB)","237140","E","Valeur estimée"
"EK","Tendances dans l’élevage","562","Niger","7213","Densité des animaux dans la superficie agricole","02151","Poulets","2017","2017","UGB/ha","0","E","Valeur estimée"
"EK","Tendances dans l’élevage","562","Niger","7211","Part du total des animaux","02151","Poulets","2017","2017","% du total des UGB","1.61","E","Valeur estimée"
"EK","Tendances dans l’élevage","562","Niger","5118","Réserves","02151","Poulets","2017","2017","Unités de gros bétail (UGB)","189590","E","Valeur estimée"
"EK","Tendances dans l’élevage","566","Nigéria","7213","Densité des animaux dans la superficie agricole","02151","Poulets","2017","2017","UGB/ha","0.03","E","Valeur estimée"
"EK","Tendances dans l’élevage","566","Nigéria","7211","Part du total des animaux","02151","Poulets","2017","2017","% du total des UGB","6.84","E","Valeur estimée"
"EK","Tendances dans l’élevage","566","Nigéria","5118","Réserves","02151","Poulets","2017","2017","Unités de gros bétail (UGB)","1800730","E","Valeur estimée"
"EK","Tendances dans l’élevage","570","Nioué","7213","Densité des animaux dans la superficie agricole","02151","Poulets","2017","2017","UGB/ha","0.04","E","Valeur estimée"
"EK","Tendances dans l’élevage","570","Nioué","7211","Part du total des animaux","02151","Poulets","2017","2017","% du total des UGB","25.93","E","Valeur estimée"
"EK","Tendances dans l’élevage","570","Nioué","5118","Réserves","02151","Poulets","2017","2017","Unités de gros bétail (UGB)","180","E","Valeur estimée"
"EK","Tendances dans l’élevage","578","Norvège","7213","Densité des animaux dans la superficie agricole","02151","Poulets","2017","2017","UGB/ha","0.16","E","Valeur estimée"
"EK","Tendances dans l’élevage","578","Norvège","7211","Part du total des animaux","02151","Poulets","2017","2017","% du total des UGB","10.89","E","Valeur estimée"
"EK","Tendances dans l’élevage","578","Norvège","5118","Réserves","02151","Poulets","2017","2017","Unités de gros bétail (UGB)","156430","E","Valeur estimée"
"EK","Tendances dans l’élevage","540","Nouvelle-Calédonie","7213","Densité des animaux dans la superficie agricole","02151","Poulets","2017","2017","UGB/ha","0.03","E","Valeur estimée"
"EK","Tendances dans l’élevage","540","Nouvelle-Calédonie","7211","Part du total des animaux","02151","Poulets","2017","2017","% du total des UGB","7.5","E","Valeur estimée"
"EK","Tendances dans l’élevage","540","Nouvelle-Calédonie","5118","Réserves","02151","Poulets","2017","2017","Unités de gros bétail (UGB)","5350","E","Valeur estimée"
"EK","Tendances dans l’élevage","554","Nouvelle-Zélande","7213","Densité des animaux dans la superficie agricole","02151","Poulets","2017","2017","UGB/ha","0.02","E","Valeur estimée"
"EK","Tendances dans l’élevage","554","Nouvelle-Zélande","7211","Part du total des animaux","02151","Poulets","2017","2017","% du total des UGB","1.94","E","Valeur estimée"
"EK","Tendances dans l’élevage","554","Nouvelle-Zélande","5118","Réserves","02151","Poulets","2017","2017","Unités de gros bétail (UGB)","237630","E","Valeur estimée"
"EK","Tendances dans l’élevage","512","Oman","7213","Densité des animaux dans la superficie agricole","02151","Poulets","2017","2017","UGB/ha","0.03","E","Valeur estimée"
"EK","Tendances dans l’élevage","512","Oman","7211","Part du total des animaux","02151","Poulets","2017","2017","% du total des UGB","5.82","E","Valeur estimée"
"EK","Tendances dans l’élevage","512","Oman","5118","Réserves","02151","Poulets","2017","2017","Unités de gros bétail (UGB)","47380","E","Valeur estimée"
"EK","Tendances dans l’élevage","800","Ouganda","7213","Densité des animaux dans la superficie agricole","02151","Poulets","2017","2017","UGB/ha","0.02","E","Valeur estimée"
"EK","Tendances dans l’élevage","800","Ouganda","7211","Part du total des animaux","02151","Poulets","2017","2017","% du total des UGB","3.53","E","Valeur estimée"
"EK","Tendances dans l’élevage","800","Ouganda","5118","Réserves","02151","Poulets","2017","2017","Unités de gros bétail (UGB)","336660","E","Valeur estimée"
"EK","Tendances dans l’élevage","860","Ouzbékistan","7213","Densité des animaux dans la superficie agricole","02151","Poulets","2017","2017","UGB/ha","0.02","E","Valeur estimée"
"EK","Tendances dans l’élevage","860","Ouzbékistan","7211","Part du total des animaux","02151","Poulets","2017","2017","% du total des UGB","6.01","E","Valeur estimée"
"EK","Tendances dans l’élevage","860","Ouzbékistan","5118","Réserves","02151","Poulets","2017","2017","Unités de gros bétail (UGB)","630000","E","Valeur estimée"
"EK","Tendances dans l’élevage","586","Pakistan","7213","Densité des animaux dans la superficie agricole","02151","Poulets","2017","2017","UGB/ha","0.3","E","Valeur estimée"
"EK","Tendances dans l’élevage","586","Pakistan","7211","Part du total des animaux","02151","Poulets","2017","2017","% du total des UGB","16.96","E","Valeur estimée"
"EK","Tendances dans l’élevage","586","Pakistan","5118","Réserves","02151","Poulets","2017","2017","Unités de gros bétail (UGB)","11080000","E","Valeur estimée"
"EK","Tendances dans l’élevage","275","Palestine","7213","Densité des animaux dans la superficie agricole","02151","Poulets","2017","2017","UGB/ha","0.16","E","Valeur estimée"
"EK","Tendances dans l’élevage","275","Palestine","7211","Part du total des animaux","02151","Poulets","2017","2017","% du total des UGB","39.17","E","Valeur estimée"
"EK","Tendances dans l’élevage","275","Palestine","5118","Réserves","02151","Poulets","2017","2017","Unités de gros bétail (UGB)","73020","E","Valeur estimée"
"EK","Tendances dans l’élevage","591","Panama","7213","Densité des animaux dans la superficie agricole","02151","Poulets","2017","2017","UGB/ha","0.12","E","Valeur estimée"
"EK","Tendances dans l’élevage","591","Panama","7211","Part du total des animaux","02151","Poulets","2017","2017","% du total des UGB","17.2","E","Valeur estimée"
"EK","Tendances dans l’élevage","591","Panama","5118","Réserves","02151","Poulets","2017","2017","Unités de gros bétail (UGB)","254530","E","Valeur estimée"
"EK","Tendances dans l’élevage","598","Papouasie-Nouvelle-Guinée","7213","Densité des animaux dans la superficie agricole","02151","Poulets","2017","2017","UGB/ha","0.04","E","Valeur estimée"
"EK","Tendances dans l’élevage","598","Papouasie-Nouvelle-Guinée","7211","Part du total des animaux","02151","Poulets","2017","2017","% du total des UGB","8.96","E","Valeur estimée"
"EK","Tendances dans l’élevage","598","Papouasie-Nouvelle-Guinée","5118","Réserves","02151","Poulets","2017","2017","Unités de gros bétail (UGB)","45600","E","Valeur estimée"
"EK","Tendances dans l’élevage","600","Paraguay","7213","Densité des animaux dans la superficie agricole","02151","Poulets","2017","2017","UGB/ha","0.01","E","Valeur estimée"
"EK","Tendances dans l’élevage","600","Paraguay","7211","Part du total des animaux","02151","Poulets","2017","2017","% du total des UGB","2.14","E","Valeur estimée"
"EK","Tendances dans l’élevage","600","Paraguay","5118","Réserves","02151","Poulets","2017","2017","Unités de gros bétail (UGB)","223160","E","Valeur estimée"
"EK","Tendances dans l’élevage","528","Pays-Bas (Royaume des)","7213","Densité des animaux dans la superficie agricole","02151","Poulets","2017","2017","UGB/ha","0.58","E","Valeur estimée"
"EK","Tendances dans l’élevage","528","Pays-Bas (Royaume des)","7211","Part du total des animaux","02151","Poulets","2017","2017","% du total des UGB","13.14","E","Valeur estimée"
"EK","Tendances dans l’élevage","528","Pays-Bas (Royaume des)","5118","Réserves","02151","Poulets","2017","2017","Unités de gros bétail (UGB)","1051840","E","Valeur estimée"
"EK","Tendances dans l’élevage","604","Pérou","7213","Densité des animaux dans la superficie agricole","02151","Poulets","2017","2017","UGB/ha","0.06","E","Valeur estimée"
"EK","Tendances dans l’élevage","604","Pérou","7211","Part du total des animaux","02151","Poulets","2017","2017","% du total des UGB","18.3","E","Valeur estimée"
"EK","Tendances dans l’élevage","604","Pérou","5118","Réserves","02151","Poulets","2017","2017","Unités de gros bétail (UGB)","1566380","E","Valeur estimée"
"EK","Tendances dans l’élevage","608","Philippines","7213","Densité des animaux dans la superficie agricole","02151","Poulets","2017","2017","UGB/ha","0.14","E","Valeur estimée"
"EK","Tendances dans l’élevage","608","Philippines","7211","Part du total des animaux","02151","Poulets","2017","2017","% du total des UGB","19.34","E","Valeur estimée"
"EK","Tendances dans l’élevage","608","Philippines","5118","Réserves","02151","Poulets","2017","2017","Unités de gros bétail (UGB)","1753170","E","Valeur estimée"
"EK","Tendances dans l’élevage","616","Pologne","7213","Densité des animaux dans la superficie agricole","02151","Poulets","2017","2017","UGB/ha","0.12","E","Valeur estimée"
"EK","Tendances dans l’élevage","616","Pologne","7211","Part du total des animaux","02151","Poulets","2017","2017","% du total des UGB","21.02","E","Valeur estimée"
"EK","Tendances dans l’élevage","616","Pologne","5118","Réserves","02151","Poulets","2017","2017","Unités de gros bétail (UGB)","1776400","E","Valeur estimée"
"EK","Tendances dans l’élevage","258","Polynésie française","7213","Densité des animaux dans la superficie agricole","02151","Poulets","2017","2017","UGB/ha","0.07","E","Valeur estimée"
"EK","Tendances dans l’élevage","258","Polynésie française","7211","Part du total des animaux","02151","Poulets","2017","2017","% du total des UGB","18.7","E","Valeur estimée"
"EK","Tendances dans l’élevage","258","Polynésie française","5118","Réserves","02151","Poulets","2017","2017","Unités de gros bétail (UGB)","3120","E","Valeur estimée"
"EK","Tendances dans l’élevage","630","Porto Rico","7213","Densité des animaux dans la superficie agricole","02151","Poulets","2017","2017","UGB/ha","0.84","E","Valeur estimée"
"EK","Tendances dans l’élevage","630","Porto Rico","7211","Part du total des animaux","02151","Poulets","2017","2017","% du total des UGB","38.27","E","Valeur estimée"
"EK","Tendances dans l’élevage","630","Porto Rico","5118","Réserves","02151","Poulets","2017","2017","Unités de gros bétail (UGB)","146800","E","Valeur estimée"
"EK","Tendances dans l’élevage","620","Portugal","7213","Densité des animaux dans la superficie agricole","02151","Poulets","2017","2017","UGB/ha","0.03","E","Valeur estimée"
"EK","Tendances dans l’élevage","620","Portugal","7211","Part du total des animaux","02151","Poulets","2017","2017","% du total des UGB","4.41","E","Valeur estimée"
"EK","Tendances dans l’élevage","620","Portugal","5118","Réserves","02151","Poulets","2017","2017","Unités de gros bétail (UGB)","107550","E","Valeur estimée"
"EK","Tendances dans l’élevage","634","Qatar","7213","Densité des animaux dans la superficie agricole","02151","Poulets","2017","2017","UGB/ha","0.85","E","Valeur estimée"
"EK","Tendances dans l’élevage","634","Qatar","7211","Part du total des animaux","02151","Poulets","2017","2017","% du total des UGB","20.9","E","Valeur estimée"
"EK","Tendances dans l’élevage","634","Qatar","5118","Réserves","02151","Poulets","2017","2017","Unités de gros bétail (UGB)","61000","E","Valeur estimée"
"EK","Tendances dans l’élevage","760","République arabe syrienne","7213","Densité des animaux dans la superficie agricole","02151","Poulets","2017","2017","UGB/ha","0.01","E","Valeur estimée"
"EK","Tendances dans l’élevage","760","République arabe syrienne","7211","Part du total des animaux","02151","Poulets","2017","2017","% du total des UGB","6.5","E","Valeur estimée"
"EK","Tendances dans l’élevage","760","République arabe syrienne","5118","Réserves","02151","Poulets","2017","2017","Unités de gros bétail (UGB)","155420","E","Valeur estimée"
"EK","Tendances dans l’élevage","140","République centrafricaine","7213","Densité des animaux dans la superficie agricole","02151","Poulets","2017","2017","UGB/ha","0.01","E","Valeur estimée"
"EK","Tendances dans l’élevage","140","République centrafricaine","7211","Part du total des animaux","02151","Poulets","2017","2017","% du total des UGB","2.17","E","Valeur estimée"
"EK","Tendances dans l’élevage","140","République centrafricaine","5118","Réserves","02151","Poulets","2017","2017","Unités de gros bétail (UGB)","68290","E","Valeur estimée"
"EK","Tendances dans l’élevage","410","République de Corée","7213","Densité des animaux dans la superficie agricole","02151","Poulets","2017","2017","UGB/ha","1.02","E","Valeur estimée"
"EK","Tendances dans l’élevage","410","République de Corée","7211","Part du total des animaux","02151","Poulets","2017","2017","% du total des UGB","25.04","E","Valeur estimée"
"EK","Tendances dans l’élevage","410","République de Corée","5118","Réserves","02151","Poulets","2017","2017","Unités de gros bétail (UGB)","1705510","E","Valeur estimée"
"EK","Tendances dans l’élevage","498","République de Moldova","7213","Densité des animaux dans la superficie agricole","02151","Poulets","2017","2017","UGB/ha","0.16","E","Valeur estimée"
"EK","Tendances dans l’élevage","498","République de Moldova","7211","Part du total des animaux","02151","Poulets","2017","2017","% du total des UGB","53.4","E","Valeur estimée"
"EK","Tendances dans l’élevage","498","République de Moldova","5118","Réserves","02151","Poulets","2017","2017","Unités de gros bétail (UGB)","379920","E","Valeur estimée"
"EK","Tendances dans l’élevage","180","République démocratique du Congo","7213","Densité des animaux dans la superficie agricole","02151","Poulets","2017","2017","UGB/ha","0.01","E","Valeur estimée"
"EK","Tendances dans l’élevage","180","République démocratique du Congo","7211","Part du total des animaux","02151","Poulets","2017","2017","% du total des UGB","12.92","E","Valeur estimée"
"EK","Tendances dans l’élevage","180","République démocratique du Congo","5118","Réserves","02151","Poulets","2017","2017","Unités de gros bétail (UGB)","183950","E","Valeur estimée"
"EK","Tendances dans l’élevage","418","République démocratique populaire lao","7213","Densité des animaux dans la superficie agricole","02151","Poulets","2017","2017","UGB/ha","0.16","E","Valeur estimée"
"EK","Tendances dans l’élevage","418","République démocratique populaire lao","7211","Part du total des animaux","02151","Poulets","2017","2017","% du total des UGB","10.44","E","Valeur estimée"
"EK","Tendances dans l’élevage","418","République démocratique populaire lao","5118","Réserves","02151","Poulets","2017","2017","Unités de gros bétail (UGB)","369600","E","Valeur estimée"
"EK","Tendances dans l’élevage","214","République dominicaine","7213","Densité des animaux dans la superficie agricole","02151","Poulets","2017","2017","UGB/ha","0.76","E","Valeur estimée"
"EK","Tendances dans l’élevage","214","République dominicaine","7211","Part du total des animaux","02151","Poulets","2017","2017","% du total des UGB","43.6","E","Valeur estimée"
"EK","Tendances dans l’élevage","214","République dominicaine","5118","Réserves","02151","Poulets","2017","2017","Unités de gros bétail (UGB)","1840000","E","Valeur estimée"
"EK","Tendances dans l’élevage","408","République populaire démocratique de Corée","7213","Densité des animaux dans la superficie agricole","02151","Poulets","2017","2017","UGB/ha","0.06","E","Valeur estimée"
"EK","Tendances dans l’élevage","408","République populaire démocratique de Corée","7211","Part du total des animaux","02151","Poulets","2017","2017","% du total des UGB","9.65","E","Valeur estimée"
"EK","Tendances dans l’élevage","408","République populaire démocratique de Corée","5118","Réserves","02151","Poulets","2017","2017","Unités de gros bétail (UGB)","153930","E","Valeur estimée"
"EK","Tendances dans l’élevage","834","République-Unie de Tanzanie","7213","Densité des animaux dans la superficie agricole","02151","Poulets","2017","2017","UGB/ha","0.01","E","Valeur estimée"
"EK","Tendances dans l’élevage","834","République-Unie de Tanzanie","7211","Part du total des animaux","02151","Poulets","2017","2017","% du total des UGB","2.32","E","Valeur estimée"
"EK","Tendances dans l’élevage","834","République-Unie de Tanzanie","5118","Réserves","02151","Poulets","2017","2017","Unités de gros bétail (UGB)","377870","E","Valeur estimée"
"EK","Tendances dans l’élevage","642","Roumanie","7213","Densité des animaux dans la superficie agricole","02151","Poulets","2017","2017","UGB/ha","0.06","E","Valeur estimée"
"EK","Tendances dans l’élevage","642","Roumanie","7211","Part du total des animaux","02151","Poulets","2017","2017","% du total des UGB","16.27","E","Valeur estimée"
"EK","Tendances dans l’élevage","642","Roumanie","5118","Réserves","02151","Poulets","2017","2017","Unités de gros bétail (UGB)","756900","E","Valeur estimée"
"EK","Tendances dans l’élevage","826","Royaume-Uni de Grande-Bretagne et d'Irlande du Nord","7213","Densité des animaux dans la superficie agricole","02151","Poulets","2017","2017","UGB/ha","0.1","E","Valeur estimée"
"EK","Tendances dans l’élevage","826","Royaume-Uni de Grande-Bretagne et d'Irlande du Nord","7211","Part du total des animaux","02151","Poulets","2017","2017","% du total des UGB","10.88","E","Valeur estimée"
"EK","Tendances dans l’élevage","826","Royaume-Uni de Grande-Bretagne et d'Irlande du Nord","5118","Réserves","02151","Poulets","2017","2017","Unités de gros bétail (UGB)","1710000","E","Valeur estimée"
"EK","Tendances dans l’élevage","646","Rwanda","7213","Densité des animaux dans la superficie agricole","02151","Poulets","2017","2017","UGB/ha","0.03","E","Valeur estimée"
"EK","Tendances dans l’élevage","646","Rwanda","7211","Part du total des animaux","02151","Poulets","2017","2017","% du total des UGB","3.94","E","Valeur estimée"
"EK","Tendances dans l’élevage","646","Rwanda","5118","Réserves","02151","Poulets","2017","2017","Unités de gros bétail (UGB)","52730","E","Valeur estimée"
"EK","Tendances dans l’élevage","662","Sainte-Lucie","7213","Densité des animaux dans la superficie agricole","02151","Poulets","2017","2017","UGB/ha","0.47","E","Valeur estimée"
"EK","Tendances dans l’élevage","662","Sainte-Lucie","7211","Part du total des animaux","02151","Poulets","2017","2017","% du total des UGB","25.31","E","Valeur estimée"
"EK","Tendances dans l’élevage","662","Sainte-Lucie","5118","Réserves","02151","Poulets","2017","2017","Unités de gros bétail (UGB)","4640","E","Valeur estimée"
"EK","Tendances dans l’élevage","659","Saint-Kitts-et-Nevis","7213","Densité des animaux dans la superficie agricole","02151","Poulets","2017","2017","UGB/ha","0.15","E","Valeur estimée"
"EK","Tendances dans l’élevage","659","Saint-Kitts-et-Nevis","7211","Part du total des animaux","02151","Poulets","2017","2017","% du total des UGB","19.87","E","Valeur estimée"
"EK","Tendances dans l’élevage","659","Saint-Kitts-et-Nevis","5118","Réserves","02151","Poulets","2017","2017","Unités de gros bétail (UGB)","880","E","Valeur estimée"
"EK","Tendances dans l’élevage","670","Saint-Vincent-et-les Grenadines","7213","Densité des animaux dans la superficie agricole","02151","Poulets","2017","2017","UGB/ha","0.36","E","Valeur estimée"
"EK","Tendances dans l’élevage","670","Saint-Vincent-et-les Grenadines","7211","Part du total des animaux","02151","Poulets","2017","2017","% du total des UGB","29.5","E","Valeur estimée"
"EK","Tendances dans l’élevage","670","Saint-Vincent-et-les Grenadines","5118","Réserves","02151","Poulets","2017","2017","Unités de gros bétail (UGB)","2500","E","Valeur estimée"
"EK","Tendances dans l’élevage","882","Samoa","7213","Densité des animaux dans la superficie agricole","02151","Poulets","2017","2017","UGB/ha","0.07","E","Valeur estimée"
"EK","Tendances dans l’élevage","882","Samoa","7211","Part du total des animaux","02151","Poulets","2017","2017","% du total des UGB","6.95","E","Valeur estimée"
"EK","Tendances dans l’élevage","882","Samoa","5118","Réserves","02151","Poulets","2017","2017","Unités de gros bétail (UGB)","4600","E","Valeur estimée"
"EK","Tendances dans l’élevage","678","Sao Tomé-et-Principe","7213","Densité des animaux dans la superficie agricole","02151","Poulets","2017","2017","UGB/ha","0.06","E","Valeur estimée"
"EK","Tendances dans l’élevage","678","Sao Tomé-et-Principe","7211","Part du total des animaux","02151","Poulets","2017","2017","% du total des UGB","22.45","E","Valeur estimée"
"EK","Tendances dans l’élevage","678","Sao Tomé-et-Principe","5118","Réserves","02151","Poulets","2017","2017","Unités de gros bétail (UGB)","2840","E","Valeur estimée"
"EK","Tendances dans l’élevage","686","Sénégal","7213","Densité des animaux dans la superficie agricole","02151","Poulets","2017","2017","UGB/ha","0.08","E","Valeur estimée"
"EK","Tendances dans l’élevage","686","Sénégal","7211","Part du total des animaux","02151","Poulets","2017","2017","% du total des UGB","15.81","E","Valeur estimée"
"EK","Tendances dans l’élevage","686","Sénégal","5118","Réserves","02151","Poulets","2017","2017","Unités de gros bétail (UGB)","673890","E","Valeur estimée"
"EK","Tendances dans l’élevage","688","Serbie","7213","Densité des animaux dans la superficie agricole","02151","Poulets","2017","2017","UGB/ha","0.05","E","Valeur estimée"
"EK","Tendances dans l’élevage","688","Serbie","7211","Part du total des animaux","02151","Poulets","2017","2017","% du total des UGB","10.03","E","Valeur estimée"
"EK","Tendances dans l’élevage","688","Serbie","5118","Réserves","02151","Poulets","2017","2017","Unités de gros bétail (UGB)","163380","E","Valeur estimée"
"EK","Tendances dans l’élevage","690","Seychelles","7213","Densité des animaux dans la superficie agricole","02151","Poulets","2017","2017","UGB/ha","0.71","E","Valeur estimée"
"EK","Tendances dans l’élevage","690","Seychelles","7211","Part du total des animaux","02151","Poulets","2017","2017","% du total des UGB","38.86","E","Valeur estimée"
"EK","Tendances dans l’élevage","690","Seychelles","5118","Réserves","02151","Poulets","2017","2017","Unités de gros bétail (UGB)","1100","E","Valeur estimée"
"EK","Tendances dans l’élevage","694","Sierra Leone","7213","Densité des animaux dans la superficie agricole","02151","Poulets","2017","2017","UGB/ha","0.05","E","Valeur estimée"
"EK","Tendances dans l’élevage","694","Sierra Leone","7211","Part du total des animaux","02151","Poulets","2017","2017","% du total des UGB","23.34","E","Valeur estimée"
"EK","Tendances dans l’élevage","694","Sierra Leone","5118","Réserves","02151","Poulets","2017","2017","Unités de gros bétail (UGB)","215230","E","Valeur estimée"
"EK","Tendances dans l’élevage","702","Singapour","7213","Densité des animaux dans la superficie agricole","02151","Poulets","2017","2017","UGB/ha","56.86","E","Valeur estimée"
"EK","Tendances dans l’élevage","702","Singapour","7211","Part du total des animaux","02151","Poulets","2017","2017","% du total des UGB","99.5","E","Valeur estimée"
"EK","Tendances dans l’élevage","702","Singapour","5118","Réserves","02151","Poulets","2017","2017","Unités de gros bétail (UGB)","37530","E","Valeur estimée"
"EK","Tendances dans l’élevage","703","Slovaquie","7213","Densité des animaux dans la superficie agricole","02151","Poulets","2017","2017","UGB/ha","0.06","E","Valeur estimée"
"EK","Tendances dans l’élevage","703","Slovaquie","7211","Part du total des animaux","02151","Poulets","2017","2017","% du total des UGB","20.47","E","Valeur estimée"
"EK","Tendances dans l’élevage","703","Slovaquie","5118","Réserves","02151","Poulets","2017","2017","Unités de gros bétail (UGB)","118060","E","Valeur estimée"
"EK","Tendances dans l’élevage","705","Slovénie","7213","Densité des animaux dans la superficie agricole","02151","Poulets","2017","2017","UGB/ha","0.06","E","Valeur estimée"
"EK","Tendances dans l’élevage","705","Slovénie","7211","Part du total des animaux","02151","Poulets","2017","2017","% du total des UGB","8.61","E","Valeur estimée"
"EK","Tendances dans l’élevage","705","Slovénie","5118","Réserves","02151","Poulets","2017","2017","Unités de gros bétail (UGB)","36390","E","Valeur estimée"
"EK","Tendances dans l’élevage","706","Somalie","7213","Densité des animaux dans la superficie agricole","02151","Poulets","2017","2017","UGB/ha","0","E","Valeur estimée"
"EK","Tendances dans l’élevage","706","Somalie","7211","Part du total des animaux","02151","Poulets","2017","2017","% du total des UGB","0.38","E","Valeur estimée"
"EK","Tendances dans l’élevage","706","Somalie","5118","Réserves","02151","Poulets","2017","2017","Unités de gros bétail (UGB)","37400","E","Valeur estimée"
"EK","Tendances dans l’élevage","729","Soudan","7213","Densité des animaux dans la superficie agricole","02151","Poulets","2017","2017","UGB/ha","0.01","E","Valeur estimée"
"EK","Tendances dans l’élevage","729","Soudan","7211","Part du total des animaux","02151","Poulets","2017","2017","% du total des UGB","1.66","E","Valeur estimée"
"EK","Tendances dans l’élevage","729","Soudan","5118","Réserves","02151","Poulets","2017","2017","Unités de gros bétail (UGB)","485840","E","Valeur estimée"
"EK","Tendances dans l’élevage","728","Soudan du Sud","7213","Densité des animaux dans la superficie agricole","02151","Poulets","2017","2017","UGB/ha","0.01","E","Valeur estimée"
"EK","Tendances dans l’élevage","728","Soudan du Sud","7211","Part du total des animaux","02151","Poulets","2017","2017","% du total des UGB","1.61","E","Valeur estimée"
"EK","Tendances dans l’élevage","728","Soudan du Sud","5118","Réserves","02151","Poulets","2017","2017","Unités de gros bétail (UGB)","150000","E","Valeur estimée"
"EK","Tendances dans l’élevage","144","Sri Lanka","7213","Densité des animaux dans la superficie agricole","02151","Poulets","2017","2017","UGB/ha","0.08","E","Valeur estimée"
"EK","Tendances dans l’élevage","144","Sri Lanka","7211","Part du total des animaux","02151","Poulets","2017","2017","% du total des UGB","23.52","E","Valeur estimée"
"EK","Tendances dans l’élevage","144","Sri Lanka","5118","Réserves","02151","Poulets","2017","2017","Unités de gros bétail (UGB)","212760","E","Valeur estimée"
"EK","Tendances dans l’élevage","752","Suède","7213","Densité des animaux dans la superficie agricole","02151","Poulets","2017","2017","UGB/ha","0.03","E","Valeur estimée"
"EK","Tendances dans l’élevage","752","Suède","7211","Part du total des animaux","02151","Poulets","2017","2017","% du total des UGB","4.86","E","Valeur estimée"
"EK","Tendances dans l’élevage","752","Suède","5118","Réserves","02151","Poulets","2017","2017","Unités de gros bétail (UGB)","90750","E","Valeur estimée"
"EK","Tendances dans l’élevage","756","Suisse","7213","Densité des animaux dans la superficie agricole","02151","Poulets","2017","2017","UGB/ha","0.08","E","Valeur estimée"
"EK","Tendances dans l’élevage","756","Suisse","7211","Part du total des animaux","02151","Poulets","2017","2017","% du total des UGB","5.84","E","Valeur estimée"
"EK","Tendances dans l’élevage","756","Suisse","5118","Réserves","02151","Poulets","2017","2017","Unités de gros bétail (UGB)","114090","E","Valeur estimée"
"EK","Tendances dans l’élevage","740","Suriname","7213","Densité des animaux dans la superficie agricole","02151","Poulets","2017","2017","UGB/ha","0.72","E","Valeur estimée"
"EK","Tendances dans l’élevage","740","Suriname","7211","Part du total des animaux","02151","Poulets","2017","2017","% du total des UGB","63.23","E","Valeur estimée"
"EK","Tendances dans l’élevage","740","Suriname","5118","Réserves","02151","Poulets","2017","2017","Unités de gros bétail (UGB)","60230","E","Valeur estimée"
"EK","Tendances dans l’élevage","762","Tadjikistan","7213","Densité des animaux dans la superficie agricole","02151","Poulets","2017","2017","UGB/ha","0.01","E","Valeur estimée"
"EK","Tendances dans l’élevage","762","Tadjikistan","7211","Part du total des animaux","02151","Poulets","2017","2017","% du total des UGB","2.44","E","Valeur estimée"
"EK","Tendances dans l’élevage","762","Tadjikistan","5118","Réserves","02151","Poulets","2017","2017","Unités de gros bétail (UGB)","52170","E","Valeur estimée"
"EK","Tendances dans l’élevage","148","Tchad","7213","Densité des animaux dans la superficie agricole","02151","Poulets","2017","2017","UGB/ha","0","E","Valeur estimée"
"EK","Tendances dans l’élevage","148","Tchad","7211","Part du total des animaux","02151","Poulets","2017","2017","% du total des UGB","0.23","E","Valeur estimée"
"EK","Tendances dans l’élevage","148","Tchad","5118","Réserves","02151","Poulets","2017","2017","Unités de gros bétail (UGB)","61540","E","Valeur estimée"
"EK","Tendances dans l’élevage","203","Tchéquie","7213","Densité des animaux dans la superficie agricole","02151","Poulets","2017","2017","UGB/ha","0.06","E","Valeur estimée"
"EK","Tendances dans l’élevage","203","Tchéquie","7211","Part du total des animaux","02151","Poulets","2017","2017","% du total des UGB","13.93","E","Valeur estimée"
"EK","Tendances dans l’élevage","203","Tchéquie","5118","Réserves","02151","Poulets","2017","2017","Unités de gros bétail (UGB)","205870","E","Valeur estimée"
"EK","Tendances dans l’élevage","764","Thaïlande","7213","Densité des animaux dans la superficie agricole","02151","Poulets","2017","2017","UGB/ha","0.12","E","Valeur estimée"
"EK","Tendances dans l’élevage","764","Thaïlande","7211","Part du total des animaux","02151","Poulets","2017","2017","% du total des UGB","32.11","E","Valeur estimée"
"EK","Tendances dans l’élevage","764","Thaïlande","5118","Réserves","02151","Poulets","2017","2017","Unités de gros bétail (UGB)","2713830","E","Valeur estimée"
"EK","Tendances dans l’élevage","626","Timor-Leste","7213","Densité des animaux dans la superficie agricole","02151","Poulets","2017","2017","UGB/ha","0.03","E","Valeur estimée"
"EK","Tendances dans l’élevage","626","Timor-Leste","7211","Part du total des animaux","02151","Poulets","2017","2017","% du total des UGB","2.32","E","Valeur estimée"
"EK","Tendances dans l’élevage","626","Timor-Leste","5118","Réserves","02151","Poulets","2017","2017","Unités de gros bétail (UGB)","9500","E","Valeur estimée"
"EK","Tendances dans l’élevage","768","Togo","7213","Densité des animaux dans la superficie agricole","02151","Poulets","2017","2017","UGB/ha","0.07","E","Valeur estimée"
"EK","Tendances dans l’élevage","768","Togo","7211","Part du total des animaux","02151","Poulets","2017","2017","% du total des UGB","21.89","E","Valeur estimée"
"EK","Tendances dans l’élevage","768","Togo","5118","Réserves","02151","Poulets","2017","2017","Unités de gros bétail (UGB)","267970","E","Valeur estimée"
"EK","Tendances dans l’élevage","772","Tokélaou","7213","Densité des animaux dans la superficie agricole","02151","Poulets","2017","2017","UGB/ha","0.08","E","Valeur estimée"
"EK","Tendances dans l’élevage","772","Tokélaou","7211","Part du total des animaux","02151","Poulets","2017","2017","% du total des UGB","20","E","Valeur estimée"
"EK","Tendances dans l’élevage","772","Tokélaou","5118","Réserves","02151","Poulets","2017","2017","Unités de gros bétail (UGB)","50","E","Valeur estimée"
"EK","Tendances dans l’élevage","776","Tonga","7213","Densité des animaux dans la superficie agricole","02151","Poulets","2017","2017","UGB/ha","0.1","E","Valeur estimée"
"EK","Tendances dans l’élevage","776","Tonga","7211","Part du total des animaux","02151","Poulets","2017","2017","% du total des UGB","9.42","E","Valeur estimée"
"EK","Tendances dans l’élevage","776","Tonga","5118","Réserves","02151","Poulets","2017","2017","Unités de gros bétail (UGB)","3390","E","Valeur estimée"
"EK","Tendances dans l’élevage","780","Trinité-et-Tobago","7213","Densité des animaux dans la superficie agricole","02151","Poulets","2017","2017","UGB/ha","6.99","E","Valeur estimée"
"EK","Tendances dans l’élevage","780","Trinité-et-Tobago","7211","Part du total des animaux","02151","Poulets","2017","2017","% du total des UGB","91.43","E","Valeur estimée"
"EK","Tendances dans l’élevage","780","Trinité-et-Tobago","5118","Réserves","02151","Poulets","2017","2017","Unités de gros bétail (UGB)","377620","E","Valeur estimée"
"EK","Tendances dans l’élevage","788","Tunisie","7213","Densité des animaux dans la superficie agricole","02151","Poulets","2017","2017","UGB/ha","0.1","E","Valeur estimée"
"EK","Tendances dans l’élevage","788","Tunisie","7211","Part du total des animaux","02151","Poulets","2017","2017","% du total des UGB","37.37","E","Valeur estimée"
"EK","Tendances dans l’élevage","788","Tunisie","5118","Réserves","02151","Poulets","2017","2017","Unités de gros bétail (UGB)","936460","E","Valeur estimée"
"EK","Tendances dans l’élevage","795","Turkménistan","7213","Densité des animaux dans la superficie agricole","02151","Poulets","2017","2017","UGB/ha","0","E","Valeur estimée"
"EK","Tendances dans l’élevage","795","Turkménistan","7211","Part du total des animaux","02151","Poulets","2017","2017","% du total des UGB","5.18","E","Valeur estimée"
"EK","Tendances dans l’élevage","795","Turkménistan","5118","Réserves","02151","Poulets","2017","2017","Unités de gros bétail (UGB)","163090","E","Valeur estimée"
"EK","Tendances dans l’élevage","792","Turquie","7213","Densité des animaux dans la superficie agricole","02151","Poulets","2017","2017","UGB/ha","0.09","E","Valeur estimée"
"EK","Tendances dans l’élevage","792","Turquie","7211","Part du total des animaux","02151","Poulets","2017","2017","% du total des UGB","19.41","E","Valeur estimée"
"EK","Tendances dans l’élevage","792","Turquie","5118","Réserves","02151","Poulets","2017","2017","Unités de gros bétail (UGB)","3428010","E","Valeur estimée"
"EK","Tendances dans l’élevage","798","Tuvalu","7213","Densité des animaux dans la superficie agricole","02151","Poulets","2017","2017","UGB/ha","0.29","E","Valeur estimée"
"EK","Tendances dans l’élevage","798","Tuvalu","7211","Part du total des animaux","02151","Poulets","2017","2017","% du total des UGB","15.57","E","Valeur estimée"
"EK","Tendances dans l’élevage","798","Tuvalu","5118","Réserves","02151","Poulets","2017","2017","Unités de gros bétail (UGB)","530","E","Valeur estimée"
"EK","Tendances dans l’élevage","804","Ukraine","7213","Densité des animaux dans la superficie agricole","02151","Poulets","2017","2017","UGB/ha","0.04","E","Valeur estimée"
"EK","Tendances dans l’élevage","804","Ukraine","7211","Part du total des animaux","02151","Poulets","2017","2017","% du total des UGB","30.48","E","Valeur estimée"
"EK","Tendances dans l’élevage","804","Ukraine","5118","Réserves","02151","Poulets","2017","2017","Unités de gros bétail (UGB)","1843360","E","Valeur estimée"
"EK","Tendances dans l’élevage","858","Uruguay","7213","Densité des animaux dans la superficie agricole","02151","Poulets","2017","2017","UGB/ha","0.02","E","Valeur estimée"
"EK","Tendances dans l’élevage","858","Uruguay","7211","Part du total des animaux","02151","Poulets","2017","2017","% du total des UGB","3.44","E","Valeur estimée"
"EK","Tendances dans l’élevage","858","Uruguay","5118","Réserves","02151","Poulets","2017","2017","Unités de gros bétail (UGB)","327880","E","Valeur estimée"
"EK","Tendances dans l’élevage","548","Vanuatu","7213","Densité des animaux dans la superficie agricole","02151","Poulets","2017","2017","UGB/ha","0.02","E","Valeur estimée"
"EK","Tendances dans l’élevage","548","Vanuatu","7211","Part du total des animaux","02151","Poulets","2017","2017","% du total des UGB","4.55","E","Valeur estimée"
"EK","Tendances dans l’élevage","548","Vanuatu","5118","Réserves","02151","Poulets","2017","2017","Unités de gros bétail (UGB)","4600","E","Valeur estimée"
"EK","Tendances dans l’élevage","862","Venezuela (République bolivarienne du)","7213","Densité des animaux dans la superficie agricole","02151","Poulets","2017","2017","UGB/ha","0.06","E","Valeur estimée"
"EK","Tendances dans l’élevage","862","Venezuela (République bolivarienne du)","7211","Part du total des animaux","02151","Poulets","2017","2017","% du total des UGB","9.1","E","Valeur estimée"
"EK","Tendances dans l’élevage","862","Venezuela (République bolivarienne du)","5118","Réserves","02151","Poulets","2017","2017","Unités de gros bétail (UGB)","1288660","E","Valeur estimée"
"EK","Tendances dans l’élevage","704","Viet Nam","7213","Densité des animaux dans la superficie agricole","02151","Poulets","2017","2017","UGB/ha","0.24","E","Valeur estimée"
"EK","Tendances dans l’élevage","704","Viet Nam","7211","Part du total des animaux","02151","Poulets","2017","2017","% du total des UGB","19","E","Valeur estimée"
"EK","Tendances dans l’élevage","704","Viet Nam","5118","Réserves","02151","Poulets","2017","2017","Unités de gros bétail (UGB)","2952090","E","Valeur estimée"
"EK","Tendances dans l’élevage","887","Yémen","7213","Densité des animaux dans la superficie agricole","02151","Poulets","2017","2017","UGB/ha","0.03","E","Valeur estimée"
"EK","Tendances dans l’élevage","887","Yémen","7211","Part du total des animaux","02151","Poulets","2017","2017","% du total des UGB","15.01","E","Valeur estimée"
"EK","Tendances dans l’élevage","887","Yémen","5118","Réserves","02151","Poulets","2017","2017","Unités de gros bétail (UGB)","650000","E","Valeur estimée"
"EK","Tendances dans l’élevage","894","Zambie","7213","Densité des animaux dans la superficie agricole","02151","Poulets","2017","2017","UGB/ha","0.02","E","Valeur estimée"
"EK","Tendances dans l’élevage","894","Zambie","7211","Part du total des animaux","02151","Poulets","2017","2017","% du total des UGB","13.97","E","Valeur estimée"
"EK","Tendances dans l’élevage","894","Zambie","5118","Réserves","02151","Poulets","2017","2017","Unités de gros bétail (UGB)","387420","E","Valeur estimée"
"EK","Tendances dans l’élevage","716","Zimbabwe","7213","Densité des animaux dans la superficie agricole","02151","Poulets","2017","2017","UGB/ha","0","E","Valeur estimée"
"EK","Tendances dans l’élevage","716","Zimbabwe","7211","Part du total des animaux","02151","Poulets","2017","2017","% du total des UGB","2.29","E","Valeur estimée"
"EK","Tendances dans l’élevage","716","Zimbabwe","5118","Réserves","02151","Poulets","2017","2017","Unités de gros bétail (UGB)","79650","E","Valeur estimée"
